date,neighborhood,day_of_week,weather,is_holiday,demand_cylinders,capacity_cylinders,reported_deliveries,shortage_risk,suspicious_delivery
2024-01-01,Roysambu,Monday,Sunny,0,92,115,82,0,0
2024-01-01,Kasarani,Monday,Sunny,0,96,99,80,0,1
2024-01-01,Embakasi,Monday,Sunny,0,100,132,94,0,0
2024-01-01,Langata,Monday,Sunny,0,80,119,77,0,0
2024-01-01,Kibra,Monday,Sunny,0,114,138,105,0,0
2024-01-01,Westlands,Monday,Sunny,0,114,118,101,0,1
2024-01-02,Roysambu,Tuesday,Sunny,0,78,92,76,0,0
2024-01-02,Kasarani,Tuesday,Sunny,0,85,95,96,0,0
2024-01-02,Embakasi,Tuesday,Sunny,0,89,114,91,0,0
2024-01-02,Langata,Tuesday,Sunny,0,100,109,99,0,0
2024-01-02,Kibra,Tuesday,Rainy,0,103,145,103,0,0
2024-01-02,Westlands,Tuesday,Cloudy,0,93,129,95,0,0
2024-01-03,Roysambu,Wednesday,Sunny,0,62,107,64,0,0
2024-01-03,Kasarani,Wednesday,Sunny,0,80,88,74,0,0
2024-01-03,Embakasi,Wednesday,Rainy,0,105,89,102,1,0
2024-01-03,Langata,Wednesday,Cloudy,0,98,131,88,0,0
2024-01-03,Kibra,Wednesday,Cloudy,0,115,130,115,0,0
2024-01-03,Westlands,Wednesday,Sunny,0,110,123,117,0,0
2024-01-04,Roysambu,Thursday,Rainy,0,91,98,75,0,1
2024-01-04,Kasarani,Thursday,Sunny,0,98,100,95,0,0
2024-01-04,Embakasi,Thursday,Cloudy,0,103,115,100,0,0
2024-01-04,Langata,Thursday,Sunny,0,92,117,94,0,0
2024-01-04,Kibra,Thursday,Rainy,0,129,133,135,0,0
2024-01-04,Westlands,Thursday,Cloudy,0,114,127,116,0,0
2024-01-05,Roysambu,Friday,Sunny,0,80,129,88,0,0
2024-01-05,Kasarani,Friday,Sunny,0,92,128,83,0,0
2024-01-05,Embakasi,Friday,Sunny,0,84,111,87,0,0
2024-01-05,Langata,Friday,Cloudy,0,88,117,88,0,0
2024-01-05,Kibra,Friday,Sunny,0,110,163,112,0,0
2024-01-05,Westlands,Friday,Cloudy,0,99,131,93,0,0
2024-01-06,Roysambu,Saturday,Rainy,0,99,124,94,0,0
2024-01-06,Kasarani,Saturday,Cloudy,0,106,119,113,0,0
2024-01-06,Embakasi,Saturday,Sunny,0,115,110,120,0,0
2024-01-06,Langata,Saturday,Rainy,0,133,106,127,1,0
2024-01-06,Kibra,Saturday,Sunny,0,97,133,103,0,0
2024-01-06,Westlands,Saturday,Cloudy,0,121,124,117,0,0
2024-01-07,Roysambu,Sunday,Cloudy,0,89,102,87,0,0
2024-01-07,Kasarani,Sunday,Sunny,0,97,114,93,0,0
2024-01-07,Embakasi,Sunday,Cloudy,0,93,101,85,0,0
2024-01-07,Langata,Sunday,Sunny,0,121,105,117,1,0
2024-01-07,Kibra,Sunday,Sunny,0,116,139,113,0,0
2024-01-07,Westlands,Sunday,Sunny,0,136,139,131,0,0
2024-01-08,Roysambu,Monday,Rainy,0,81,109,84,0,0
2024-01-08,Kasarani,Monday,Cloudy,0,87,109,90,0,0
2024-01-08,Embakasi,Monday,Sunny,0,95,113,100,0,0
2024-01-08,Langata,Monday,Sunny,0,87,91,86,0,0
2024-01-08,Kibra,Monday,Cloudy,0,107,109,103,0,0
2024-01-08,Westlands,Monday,Sunny,0,101,139,97,0,0
2024-01-09,Roysambu,Tuesday,Sunny,0,84,114,84,0,0
2024-01-09,Kasarani,Tuesday,Cloudy,0,82,117,75,0,0
2024-01-09,Embakasi,Tuesday,Sunny,0,88,115,81,0,0
2024-01-09,Langata,Tuesday,Cloudy,0,102,132,91,0,0
2024-01-09,Kibra,Tuesday,Cloudy,0,112,134,109,0,0
2024-01-09,Westlands,Tuesday,Sunny,0,110,137,110,0,0
2024-01-10,Roysambu,Wednesday,Sunny,0,71,109,73,0,0
2024-01-10,Kasarani,Wednesday,Cloudy,0,86,127,82,0,0
2024-01-10,Embakasi,Wednesday,Rainy,0,94,128,101,0,0
2024-01-10,Langata,Wednesday,Sunny,0,111,127,105,0,0
2024-01-10,Kibra,Wednesday,Sunny,0,113,138,106,0,0
2024-01-10,Westlands,Wednesday,Sunny,0,111,129,125,0,1
2024-01-11,Roysambu,Thursday,Sunny,0,79,116,76,0,0
2024-01-11,Kasarani,Thursday,Sunny,0,72,106,78,0,0
2024-01-11,Embakasi,Thursday,Rainy,0,93,108,96,0,0
2024-01-11,Langata,Thursday,Cloudy,0,95,131,91,0,0
2024-01-11,Kibra,Thursday,Cloudy,0,93,129,81,0,0
2024-01-11,Westlands,Thursday,Cloudy,0,98,151,110,0,0
2024-01-12,Roysambu,Friday,Rainy,0,79,94,80,0,0
2024-01-12,Kasarani,Friday,Cloudy,0,83,129,80,0,0
2024-01-12,Embakasi,Friday,Sunny,0,84,128,64,0,1
2024-01-12,Langata,Friday,Cloudy,0,97,116,102,0,0
2024-01-12,Kibra,Friday,Cloudy,0,92,149,83,0,0
2024-01-12,Westlands,Friday,Sunny,0,111,129,108,0,0
2024-01-13,Roysambu,Saturday,Sunny,0,87,102,82,0,0
2024-01-13,Kasarani,Saturday,Cloudy,0,94,99,91,0,0
2024-01-13,Embakasi,Saturday,Sunny,0,107,136,93,0,1
2024-01-13,Langata,Saturday,Rainy,0,121,131,125,0,0
2024-01-13,Kibra,Saturday,Sunny,0,120,121,123,0,0
2024-01-13,Westlands,Saturday,Cloudy,0,131,134,128,0,0
2024-01-14,Roysambu,Sunday,Sunny,1,125,137,132,0,0
2024-01-14,Kasarani,Sunday,Cloudy,1,126,117,120,1,0
2024-01-14,Embakasi,Sunday,Sunny,1,126,125,116,0,0
2024-01-14,Langata,Sunday,Rainy,1,145,123,153,1,0
2024-01-14,Kibra,Sunday,Cloudy,1,157,113,144,1,1
2024-01-14,Westlands,Sunday,Cloudy,1,135,134,134,0,0
2024-01-15,Roysambu,Monday,Sunny,0,73,109,71,0,0
2024-01-15,Kasarani,Monday,Rainy,0,92,101,81,0,0
2024-01-15,Embakasi,Monday,Sunny,0,81,103,84,0,0
2024-01-15,Langata,Monday,Sunny,0,109,124,108,0,0
2024-01-15,Kibra,Monday,Sunny,0,110,128,105,0,0
2024-01-15,Westlands,Monday,Sunny,0,96,118,89,0,0
2024-01-16,Roysambu,Tuesday,Sunny,0,79,115,73,0,0
2024-01-16,Kasarani,Tuesday,Rainy,0,93,101,95,0,0
2024-01-16,Embakasi,Tuesday,Sunny,0,86,117,85,0,0
2024-01-16,Langata,Tuesday,Sunny,0,94,109,94,0,0
2024-01-16,Kibra,Tuesday,Sunny,0,95,126,99,0,0
2024-01-16,Westlands,Tuesday,Cloudy,0,105,129,108,0,0
2024-01-17,Roysambu,Wednesday,Sunny,0,86,86,77,0,0
2024-01-17,Kasarani,Wednesday,Sunny,0,103,127,107,0,0
2024-01-17,Embakasi,Wednesday,Sunny,0,77,118,73,0,0
2024-01-17,Langata,Wednesday,Cloudy,0,99,118,104,0,0
2024-01-17,Kibra,Wednesday,Sunny,0,104,120,101,0,0
2024-01-17,Westlands,Wednesday,Sunny,0,101,136,99,0,0
2024-01-18,Roysambu,Thursday,Cloudy,0,76,103,71,0,0
2024-01-18,Kasarani,Thursday,Cloudy,0,83,104,92,0,0
2024-01-18,Embakasi,Thursday,Cloudy,0,88,118,81,0,0
2024-01-18,Langata,Thursday,Cloudy,0,95,110,97,0,0
2024-01-18,Kibra,Thursday,Cloudy,0,101,123,118,0,1
2024-01-18,Westlands,Thursday,Sunny,0,93,119,97,0,0
2024-01-19,Roysambu,Friday,Cloudy,0,74,117,78,0,0
2024-01-19,Kasarani,Friday,Sunny,0,83,112,88,0,0
2024-01-19,Embakasi,Friday,Sunny,0,86,115,97,0,0
2024-01-19,Langata,Friday,Sunny,0,88,131,91,0,0
2024-01-19,Kibra,Friday,Sunny,0,104,137,108,0,0
2024-01-19,Westlands,Friday,Sunny,0,104,138,103,0,0
2024-01-20,Roysambu,Saturday,Rainy,0,90,114,84,0,0
2024-01-20,Kasarani,Saturday,Cloudy,0,121,101,116,1,0
2024-01-20,Embakasi,Saturday,Sunny,0,119,108,124,1,0
2024-01-20,Langata,Saturday,Sunny,0,118,109,107,1,0
2024-01-20,Kibra,Saturday,Cloudy,0,106,144,96,0,0
2024-01-20,Westlands,Saturday,Rainy,0,136,129,126,1,0
2024-01-21,Roysambu,Sunday,Sunny,1,113,102,117,1,0
2024-01-21,Kasarani,Sunday,Sunny,1,114,107,112,1,0
2024-01-21,Embakasi,Sunday,Sunny,1,117,137,112,0,0
2024-01-21,Langata,Sunday,Sunny,1,123,110,117,1,0
2024-01-21,Kibra,Sunday,Cloudy,1,135,119,139,1,0
2024-01-21,Westlands,Sunday,Sunny,1,137,131,142,1,0
2024-01-22,Roysambu,Monday,Cloudy,0,79,90,72,0,0
2024-01-22,Kasarani,Monday,Cloudy,0,96,116,90,0,0
2024-01-22,Embakasi,Monday,Sunny,0,85,108,87,0,0
2024-01-22,Langata,Monday,Sunny,0,114,135,121,0,0
2024-01-22,Kibra,Monday,Sunny,0,100,134,97,0,0
2024-01-22,Westlands,Monday,Rainy,0,121,137,121,0,0
2024-01-23,Roysambu,Tuesday,Rainy,0,76,123,74,0,0
2024-01-23,Kasarani,Tuesday,Sunny,0,79,94,82,0,0
2024-01-23,Embakasi,Tuesday,Sunny,0,93,128,88,0,0
2024-01-23,Langata,Tuesday,Sunny,0,87,119,102,0,1
2024-01-23,Kibra,Tuesday,Rainy,0,109,122,108,0,0
2024-01-23,Westlands,Tuesday,Cloudy,0,106,140,100,0,0
2024-01-24,Roysambu,Wednesday,Cloudy,0,82,93,86,0,0
2024-01-24,Kasarani,Wednesday,Sunny,0,71,112,60,0,0
2024-01-24,Embakasi,Wednesday,Cloudy,0,90,135,96,0,0
2024-01-24,Langata,Wednesday,Sunny,0,81,115,73,0,0
2024-01-24,Kibra,Wednesday,Sunny,0,103,138,101,0,0
2024-01-24,Westlands,Wednesday,Sunny,0,109,146,110,0,0
2024-01-25,Roysambu,Thursday,Sunny,0,92,102,89,0,0
2024-01-25,Kasarani,Thursday,Cloudy,0,91,112,91,0,0
2024-01-25,Embakasi,Thursday,Cloudy,0,87,113,89,0,0
2024-01-25,Langata,Thursday,Cloudy,0,96,132,95,0,0
2024-01-25,Kibra,Thursday,Rainy,0,113,115,114,0,0
2024-01-25,Westlands,Thursday,Cloudy,0,101,114,99,0,0
2024-01-26,Roysambu,Friday,Sunny,0,79,111,93,0,1
2024-01-26,Kasarani,Friday,Sunny,0,79,104,79,0,0
2024-01-26,Embakasi,Friday,Cloudy,0,87,126,93,0,0
2024-01-26,Langata,Friday,Cloudy,0,91,118,94,0,0
2024-01-26,Kibra,Friday,Sunny,0,125,124,122,0,0
2024-01-26,Westlands,Friday,Cloudy,0,104,133,101,0,0
2024-01-27,Roysambu,Saturday,Sunny,1,113,117,113,0,0
2024-01-27,Kasarani,Saturday,Sunny,1,118,90,110,1,0
2024-01-27,Embakasi,Saturday,Sunny,1,125,126,113,0,0
2024-01-27,Langata,Saturday,Sunny,1,129,132,133,0,0
2024-01-27,Kibra,Saturday,Sunny,1,151,125,159,1,0
2024-01-27,Westlands,Saturday,Sunny,1,136,142,126,0,0
2024-01-28,Roysambu,Sunday,Cloudy,0,103,104,103,0,0
2024-01-28,Kasarani,Sunday,Sunny,0,95,103,97,0,0
2024-01-28,Embakasi,Sunday,Sunny,0,103,116,112,0,0
2024-01-28,Langata,Sunday,Rainy,0,117,105,116,1,0
2024-01-28,Kibra,Sunday,Sunny,0,125,130,130,0,0
2024-01-28,Westlands,Sunday,Sunny,0,133,144,142,0,0
2024-01-29,Roysambu,Monday,Sunny,0,69,111,73,0,0
2024-01-29,Kasarani,Monday,Rainy,0,104,130,107,0,0
2024-01-29,Embakasi,Monday,Cloudy,0,80,120,76,0,0
2024-01-29,Langata,Monday,Sunny,0,98,127,97,0,0
2024-01-29,Kibra,Monday,Cloudy,0,82,130,89,0,0
2024-01-29,Westlands,Monday,Sunny,0,115,151,116,0,0
2024-01-30,Roysambu,Tuesday,Sunny,0,84,104,79,0,0
2024-01-30,Kasarani,Tuesday,Rainy,0,85,116,85,0,0
2024-01-30,Embakasi,Tuesday,Cloudy,0,87,122,91,0,0
2024-01-30,Langata,Tuesday,Sunny,0,85,110,90,0,0
2024-01-30,Kibra,Tuesday,Rainy,0,116,145,125,0,0
2024-01-30,Westlands,Tuesday,Sunny,0,111,142,115,0,0
2024-01-31,Roysambu,Wednesday,Rainy,0,69,100,74,0,0
2024-01-31,Kasarani,Wednesday,Rainy,0,103,110,103,0,0
2024-01-31,Embakasi,Wednesday,Rainy,0,95,111,96,0,0
2024-01-31,Langata,Wednesday,Cloudy,0,105,129,111,0,0
2024-01-31,Kibra,Wednesday,Sunny,0,90,128,107,0,1
2024-01-31,Westlands,Wednesday,Cloudy,0,105,139,109,0,0
2024-02-01,Roysambu,Thursday,Rainy,0,98,103,97,0,0
2024-02-01,Kasarani,Thursday,Sunny,0,95,103,84,0,0
2024-02-01,Embakasi,Thursday,Sunny,0,75,113,82,0,0
2024-02-01,Langata,Thursday,Sunny,0,106,129,120,0,1
2024-02-01,Kibra,Thursday,Rainy,0,115,124,120,0,0
2024-02-01,Westlands,Thursday,Sunny,0,123,129,131,0,0
2024-02-02,Roysambu,Friday,Sunny,0,79,110,80,0,0
2024-02-02,Kasarani,Friday,Sunny,0,84,103,81,0,0
2024-02-02,Embakasi,Friday,Sunny,0,98,104,96,0,0
2024-02-02,Langata,Friday,Sunny,0,104,105,103,0,0
2024-02-02,Kibra,Friday,Sunny,0,104,142,99,0,0
2024-02-02,Westlands,Friday,Sunny,0,116,129,105,0,0
2024-02-03,Roysambu,Saturday,Sunny,1,104,128,98,0,0
2024-02-03,Kasarani,Saturday,Sunny,1,111,111,110,0,0
2024-02-03,Embakasi,Saturday,Sunny,1,149,112,146,1,0
2024-02-03,Langata,Saturday,Cloudy,1,147,134,139,1,0
2024-02-03,Kibra,Saturday,Cloudy,1,123,138,113,0,0
2024-02-03,Westlands,Saturday,Sunny,1,144,139,142,0,0
2024-02-04,Roysambu,Sunday,Cloudy,0,100,92,110,1,0
2024-02-04,Kasarani,Sunday,Cloudy,0,114,131,117,0,0
2024-02-04,Embakasi,Sunday,Sunny,0,82,115,88,0,0
2024-02-04,Langata,Sunday,Sunny,0,103,120,87,0,1
2024-02-04,Kibra,Sunday,Sunny,0,103,140,110,0,0
2024-02-04,Westlands,Sunday,Sunny,0,129,132,130,0,0
2024-02-05,Roysambu,Monday,Rainy,0,92,88,81,0,0
2024-02-05,Kasarani,Monday,Sunny,0,84,113,80,0,0
2024-02-05,Embakasi,Monday,Sunny,0,93,119,94,0,0
2024-02-05,Langata,Monday,Cloudy,0,102,127,106,0,0
2024-02-05,Kibra,Monday,Rainy,0,97,128,95,0,0
2024-02-05,Westlands,Monday,Sunny,0,110,140,102,0,0
2024-02-06,Roysambu,Tuesday,Cloudy,0,69,108,57,0,0
2024-02-06,Kasarani,Tuesday,Rainy,0,82,107,87,0,0
2024-02-06,Embakasi,Tuesday,Sunny,0,78,110,68,0,0
2024-02-06,Langata,Tuesday,Sunny,0,98,128,100,0,0
2024-02-06,Kibra,Tuesday,Cloudy,0,103,126,96,0,0
2024-02-06,Westlands,Tuesday,Sunny,0,99,126,99,0,0
2024-02-07,Roysambu,Wednesday,Sunny,0,104,91,103,1,0
2024-02-07,Kasarani,Wednesday,Sunny,0,82,107,87,0,0
2024-02-07,Embakasi,Wednesday,Rainy,0,98,112,89,0,0
2024-02-07,Langata,Wednesday,Sunny,0,94,123,97,0,0
2024-02-07,Kibra,Wednesday,Cloudy,0,101,111,104,0,0
2024-02-07,Westlands,Wednesday,Sunny,0,115,148,113,0,0
2024-02-08,Roysambu,Thursday,Sunny,0,79,108,77,0,0
2024-02-08,Kasarani,Thursday,Cloudy,0,90,115,87,0,0
2024-02-08,Embakasi,Thursday,Sunny,0,95,109,96,0,0
2024-02-08,Langata,Thursday,Cloudy,0,82,123,85,0,0
2024-02-08,Kibra,Thursday,Rainy,0,112,109,119,0,0
2024-02-08,Westlands,Thursday,Cloudy,0,100,127,101,0,0
2024-02-09,Roysambu,Friday,Sunny,0,76,113,65,0,0
2024-02-09,Kasarani,Friday,Sunny,0,69,102,78,0,0
2024-02-09,Embakasi,Friday,Rainy,0,101,110,99,0,0
2024-02-09,Langata,Friday,Sunny,0,85,117,93,0,0
2024-02-09,Kibra,Friday,Sunny,0,98,129,99,0,0
2024-02-09,Westlands,Friday,Sunny,0,110,141,121,0,0
2024-02-10,Roysambu,Saturday,Rainy,0,115,99,107,1,0
2024-02-10,Kasarani,Saturday,Cloudy,0,109,114,108,0,0
2024-02-10,Embakasi,Saturday,Sunny,0,106,129,98,0,0
2024-02-10,Langata,Saturday,Sunny,0,109,116,110,0,0
2024-02-10,Kibra,Saturday,Sunny,0,122,119,112,0,0
2024-02-10,Westlands,Saturday,Rainy,0,128,153,139,0,0
2024-02-11,Roysambu,Sunday,Sunny,0,99,113,103,0,0
2024-02-11,Kasarani,Sunday,Sunny,0,111,111,111,0,0
2024-02-11,Embakasi,Sunday,Sunny,0,112,114,114,0,0
2024-02-11,Langata,Sunday,Rainy,0,122,122,126,0,0
2024-02-11,Kibra,Sunday,Rainy,0,115,134,110,0,0
2024-02-11,Westlands,Sunday,Sunny,0,116,137,115,0,0
2024-02-12,Roysambu,Monday,Rainy,0,84,116,81,0,0
2024-02-12,Kasarani,Monday,Sunny,0,94,118,100,0,0
2024-02-12,Embakasi,Monday,Sunny,0,105,123,119,0,1
2024-02-12,Langata,Monday,Sunny,0,83,123,81,0,0
2024-02-12,Kibra,Monday,Sunny,0,112,128,110,0,0
2024-02-12,Westlands,Monday,Cloudy,0,107,131,113,0,0
2024-02-13,Roysambu,Tuesday,Cloudy,0,88,103,75,0,1
2024-02-13,Kasarani,Tuesday,Sunny,0,79,109,74,0,0
2024-02-13,Embakasi,Tuesday,Sunny,0,83,104,90,0,0
2024-02-13,Langata,Tuesday,Cloudy,0,98,132,103,0,0
2024-02-13,Kibra,Tuesday,Cloudy,0,106,136,114,0,0
2024-02-13,Westlands,Tuesday,Cloudy,0,95,129,99,0,0
2024-02-14,Roysambu,Wednesday,Sunny,0,92,104,92,0,0
2024-02-14,Kasarani,Wednesday,Sunny,0,84,112,89,0,0
2024-02-14,Embakasi,Wednesday,Sunny,0,89,125,89,0,0
2024-02-14,Langata,Wednesday,Sunny,0,85,106,89,0,0
2024-02-14,Kibra,Wednesday,Sunny,0,102,133,106,0,0
2024-02-14,Westlands,Wednesday,Cloudy,0,104,136,109,0,0
2024-02-15,Roysambu,Thursday,Cloudy,0,78,102,80,0,0
2024-02-15,Kasarani,Thursday,Sunny,0,81,123,77,0,0
2024-02-15,Embakasi,Thursday,Sunny,0,79,109,82,0,0
2024-02-15,Langata,Thursday,Sunny,0,102,128,114,0,0
2024-02-15,Kibra,Thursday,Cloudy,0,91,118,86,0,0
2024-02-15,Westlands,Thursday,Sunny,0,110,147,119,0,0
2024-02-16,Roysambu,Friday,Sunny,0,97,101,87,0,0
2024-02-16,Kasarani,Friday,Sunny,0,71,103,74,0,0
2024-02-16,Embakasi,Friday,Rainy,0,98,105,97,0,0
2024-02-16,Langata,Friday,Sunny,0,98,114,90,0,0
2024-02-16,Kibra,Friday,Sunny,0,107,132,102,0,0
2024-02-16,Westlands,Friday,Rainy,0,121,126,125,0,0
2024-02-17,Roysambu,Saturday,Cloudy,0,96,128,100,0,0
2024-02-17,Kasarani,Saturday,Sunny,0,103,93,96,1,0
2024-02-17,Embakasi,Saturday,Rainy,0,128,132,130,0,0
2024-02-17,Langata,Saturday,Sunny,0,100,120,110,0,0
2024-02-17,Kibra,Saturday,Sunny,0,114,111,122,0,0
2024-02-17,Westlands,Saturday,Sunny,0,110,125,102,0,0
2024-02-18,Roysambu,Sunday,Sunny,0,90,112,90,0,0
2024-02-18,Kasarani,Sunday,Sunny,0,98,141,94,0,0
2024-02-18,Embakasi,Sunday,Sunny,0,98,114,87,0,0
2024-02-18,Langata,Sunday,Sunny,0,97,124,88,0,0
2024-02-18,Kibra,Sunday,Sunny,0,123,152,116,0,0
2024-02-18,Westlands,Sunday,Sunny,0,119,126,114,0,0
2024-02-19,Roysambu,Monday,Sunny,0,76,127,78,0,0
2024-02-19,Kasarani,Monday,Cloudy,0,83,102,87,0,0
2024-02-19,Embakasi,Monday,Sunny,0,81,111,85,0,0
2024-02-19,Langata,Monday,Sunny,0,109,128,108,0,0
2024-02-19,Kibra,Monday,Sunny,0,94,110,96,0,0
2024-02-19,Westlands,Monday,Cloudy,0,109,136,110,0,0
2024-02-20,Roysambu,Tuesday,Cloudy,0,86,106,83,0,0
2024-02-20,Kasarani,Tuesday,Cloudy,0,81,109,96,0,1
2024-02-20,Embakasi,Tuesday,Sunny,0,95,109,101,0,0
2024-02-20,Langata,Tuesday,Cloudy,0,104,125,110,0,0
2024-02-20,Kibra,Tuesday,Sunny,0,106,127,111,0,0
2024-02-20,Westlands,Tuesday,Rainy,0,112,134,101,0,0
2024-02-21,Roysambu,Wednesday,Sunny,0,72,100,70,0,0
2024-02-21,Kasarani,Wednesday,Sunny,0,83,110,82,0,0
2024-02-21,Embakasi,Wednesday,Sunny,0,85,127,72,0,1
2024-02-21,Langata,Wednesday,Sunny,0,94,127,85,0,0
2024-02-21,Kibra,Wednesday,Sunny,0,103,139,104,0,0
2024-02-21,Westlands,Wednesday,Sunny,0,106,143,98,0,0
2024-02-22,Roysambu,Thursday,Sunny,0,79,101,95,0,1
2024-02-22,Kasarani,Thursday,Sunny,0,89,103,92,0,0
2024-02-22,Embakasi,Thursday,Sunny,0,87,116,81,0,0
2024-02-22,Langata,Thursday,Cloudy,0,106,117,91,0,1
2024-02-22,Kibra,Thursday,Sunny,0,97,126,106,0,0
2024-02-22,Westlands,Thursday,Rainy,0,116,122,106,0,0
2024-02-23,Roysambu,Friday,Cloudy,0,82,108,79,0,0
2024-02-23,Kasarani,Friday,Cloudy,0,71,115,71,0,0
2024-02-23,Embakasi,Friday,Cloudy,0,92,107,91,0,0
2024-02-23,Langata,Friday,Sunny,0,101,123,93,0,0
2024-02-23,Kibra,Friday,Cloudy,0,106,142,106,0,0
2024-02-23,Westlands,Friday,Sunny,0,118,137,113,0,0
2024-02-24,Roysambu,Saturday,Rainy,0,107,112,104,0,0
2024-02-24,Kasarani,Saturday,Sunny,0,100,110,107,0,0
2024-02-24,Embakasi,Saturday,Rainy,0,115,116,106,0,0
2024-02-24,Langata,Saturday,Rainy,0,115,119,126,0,0
2024-02-24,Kibra,Saturday,Sunny,0,123,132,122,0,0
2024-02-24,Westlands,Saturday,Sunny,0,131,127,122,0,0
2024-02-25,Roysambu,Sunday,Cloudy,0,83,109,81,0,0
2024-02-25,Kasarani,Sunday,Cloudy,0,104,104,107,0,0
2024-02-25,Embakasi,Sunday,Sunny,0,103,111,109,0,0
2024-02-25,Langata,Sunday,Cloudy,0,123,140,118,0,0
2024-02-25,Kibra,Sunday,Cloudy,0,117,139,114,0,0
2024-02-25,Westlands,Sunday,Sunny,0,120,130,127,0,0
2024-02-26,Roysambu,Monday,Sunny,0,90,109,88,0,0
2024-02-26,Kasarani,Monday,Cloudy,0,90,119,95,0,0
2024-02-26,Embakasi,Monday,Cloudy,0,93,122,90,0,0
2024-02-26,Langata,Monday,Sunny,0,91,120,94,0,0
2024-02-26,Kibra,Monday,Cloudy,0,93,123,90,0,0
2024-02-26,Westlands,Monday,Sunny,0,105,130,96,0,0
2024-02-27,Roysambu,Tuesday,Sunny,0,78,98,76,0,0
2024-02-27,Kasarani,Tuesday,Sunny,0,77,102,84,0,0
2024-02-27,Embakasi,Tuesday,Sunny,0,97,121,96,0,0
2024-02-27,Langata,Tuesday,Sunny,0,104,134,110,0,0
2024-02-27,Kibra,Tuesday,Rainy,0,122,125,117,0,0
2024-02-27,Westlands,Tuesday,Sunny,0,116,140,114,0,0
2024-02-28,Roysambu,Wednesday,Sunny,0,81,99,76,0,0
2024-02-28,Kasarani,Wednesday,Sunny,0,85,97,90,0,0
2024-02-28,Embakasi,Wednesday,Cloudy,0,104,102,102,0,0
2024-02-28,Langata,Wednesday,Cloudy,0,90,118,100,0,0
2024-02-28,Kibra,Wednesday,Sunny,0,97,110,86,0,0
2024-02-28,Westlands,Wednesday,Sunny,0,104,132,90,0,1
2024-02-29,Roysambu,Thursday,Cloudy,0,88,121,76,0,0
2024-02-29,Kasarani,Thursday,Rainy,0,87,112,79,0,0
2024-02-29,Embakasi,Thursday,Sunny,0,92,115,101,0,0
2024-02-29,Langata,Thursday,Sunny,0,101,115,92,0,0
2024-02-29,Kibra,Thursday,Cloudy,0,121,135,122,0,0
2024-02-29,Westlands,Thursday,Cloudy,0,117,121,107,0,0
2024-03-01,Roysambu,Friday,Sunny,0,95,123,92,0,0
2024-03-01,Kasarani,Friday,Sunny,0,72,111,72,0,0
2024-03-01,Embakasi,Friday,Sunny,0,99,115,102,0,0
2024-03-01,Langata,Friday,Sunny,0,102,117,104,0,0
2024-03-01,Kibra,Friday,Rainy,0,112,136,102,0,0
2024-03-01,Westlands,Friday,Cloudy,0,107,120,104,0,0
2024-03-02,Roysambu,Saturday,Cloudy,0,96,115,97,0,0
2024-03-02,Kasarani,Saturday,Cloudy,0,102,118,109,0,0
2024-03-02,Embakasi,Saturday,Sunny,0,93,99,91,0,0
2024-03-02,Langata,Saturday,Sunny,0,127,128,123,0,0
2024-03-02,Kibra,Saturday,Sunny,0,127,117,120,1,0
2024-03-02,Westlands,Saturday,Sunny,0,125,141,132,0,0
2024-03-03,Roysambu,Sunday,Cloudy,0,103,98,92,0,0
2024-03-03,Kasarani,Sunday,Cloudy,0,94,104,88,0,0
2024-03-03,Embakasi,Sunday,Sunny,0,111,134,100,0,0
2024-03-03,Langata,Sunday,Rainy,0,114,130,112,0,0
2024-03-03,Kibra,Sunday,Sunny,0,124,138,123,0,0
2024-03-03,Westlands,Sunday,Cloudy,0,127,132,125,0,0
2024-03-04,Roysambu,Monday,Cloudy,0,87,107,93,0,0
2024-03-04,Kasarani,Monday,Cloudy,0,89,105,95,0,0
2024-03-04,Embakasi,Monday,Sunny,0,112,120,116,0,0
2024-03-04,Langata,Monday,Sunny,0,97,120,98,0,0
2024-03-04,Kibra,Monday,Cloudy,0,113,132,110,0,0
2024-03-04,Westlands,Monday,Sunny,0,99,151,95,0,0
2024-03-05,Roysambu,Tuesday,Cloudy,0,82,108,81,0,0
2024-03-05,Kasarani,Tuesday,Sunny,0,78,128,78,0,0
2024-03-05,Embakasi,Tuesday,Sunny,0,103,112,105,0,0
2024-03-05,Langata,Tuesday,Sunny,0,88,121,91,0,0
2024-03-05,Kibra,Tuesday,Cloudy,0,101,127,113,0,0
2024-03-05,Westlands,Tuesday,Cloudy,0,114,132,110,0,0
2024-03-06,Roysambu,Wednesday,Sunny,0,85,112,86,0,0
2024-03-06,Kasarani,Wednesday,Sunny,0,96,119,92,0,0
2024-03-06,Embakasi,Wednesday,Rainy,0,103,108,93,0,0
2024-03-06,Langata,Wednesday,Cloudy,0,98,125,90,0,0
2024-03-06,Kibra,Wednesday,Sunny,0,105,142,107,0,0
2024-03-06,Westlands,Wednesday,Sunny,0,113,141,109,0,0
2024-03-07,Roysambu,Thursday,Sunny,0,80,94,86,0,0
2024-03-07,Kasarani,Thursday,Sunny,0,99,89,99,1,0
2024-03-07,Embakasi,Thursday,Sunny,0,101,131,95,0,0
2024-03-07,Langata,Thursday,Sunny,0,94,116,95,0,0
2024-03-07,Kibra,Thursday,Cloudy,0,103,134,101,0,0
2024-03-07,Westlands,Thursday,Cloudy,0,118,142,111,0,0
2024-03-08,Roysambu,Friday,Rainy,0,80,110,81,0,0
2024-03-08,Kasarani,Friday,Cloudy,0,83,101,88,0,0
2024-03-08,Embakasi,Friday,Rainy,0,101,101,97,0,0
2024-03-08,Langata,Friday,Cloudy,0,92,131,78,0,1
2024-03-08,Kibra,Friday,Cloudy,0,102,146,94,0,0
2024-03-08,Westlands,Friday,Sunny,0,118,127,115,0,0
2024-03-09,Roysambu,Saturday,Cloudy,0,91,117,94,0,0
2024-03-09,Kasarani,Saturday,Cloudy,0,101,116,105,0,0
2024-03-09,Embakasi,Saturday,Sunny,0,119,130,123,0,0
2024-03-09,Langata,Saturday,Sunny,0,104,119,104,0,0
2024-03-09,Kibra,Saturday,Sunny,0,122,141,125,0,0
2024-03-09,Westlands,Saturday,Cloudy,0,118,137,117,0,0
2024-03-10,Roysambu,Sunday,Sunny,0,103,93,104,1,0
2024-03-10,Kasarani,Sunday,Sunny,0,100,119,105,0,0
2024-03-10,Embakasi,Sunday,Sunny,0,110,115,108,0,0
2024-03-10,Langata,Sunday,Sunny,0,123,119,126,0,0
2024-03-10,Kibra,Sunday,Sunny,0,109,119,118,0,0
2024-03-10,Westlands,Sunday,Sunny,0,120,133,126,0,0
2024-03-11,Roysambu,Monday,Cloudy,0,68,121,73,0,0
2024-03-11,Kasarani,Monday,Cloudy,0,76,121,78,0,0
2024-03-11,Embakasi,Monday,Sunny,0,90,148,90,0,0
2024-03-11,Langata,Monday,Sunny,0,89,140,94,0,0
2024-03-11,Kibra,Monday,Sunny,0,105,141,99,0,0
2024-03-11,Westlands,Monday,Cloudy,0,112,148,113,0,0
2024-03-12,Roysambu,Tuesday,Sunny,0,80,88,66,0,1
2024-03-12,Kasarani,Tuesday,Sunny,0,83,108,87,0,0
2024-03-12,Embakasi,Tuesday,Rainy,0,104,136,107,0,0
2024-03-12,Langata,Tuesday,Cloudy,0,99,110,104,0,0
2024-03-12,Kibra,Tuesday,Cloudy,0,99,129,94,0,0
2024-03-12,Westlands,Tuesday,Cloudy,0,124,146,119,0,0
2024-03-13,Roysambu,Wednesday,Sunny,0,69,112,67,0,0
2024-03-13,Kasarani,Wednesday,Sunny,0,86,115,91,0,0
2024-03-13,Embakasi,Wednesday,Sunny,0,89,136,89,0,0
2024-03-13,Langata,Wednesday,Rainy,0,101,129,92,0,0
2024-03-13,Kibra,Wednesday,Sunny,0,94,122,101,0,0
2024-03-13,Westlands,Wednesday,Cloudy,0,115,150,114,0,0
2024-03-14,Roysambu,Thursday,Rainy,0,92,106,96,0,0
2024-03-14,Kasarani,Thursday,Rainy,0,88,101,81,0,0
2024-03-14,Embakasi,Thursday,Rainy,0,109,111,96,0,1
2024-03-14,Langata,Thursday,Cloudy,0,102,122,103,0,0
2024-03-14,Kibra,Thursday,Rainy,0,120,132,123,0,0
2024-03-14,Westlands,Thursday,Rainy,0,122,139,116,0,0
2024-03-15,Roysambu,Friday,Sunny,0,86,116,88,0,0
2024-03-15,Kasarani,Friday,Cloudy,0,79,106,80,0,0
2024-03-15,Embakasi,Friday,Sunny,0,83,105,70,0,1
2024-03-15,Langata,Friday,Rainy,0,104,121,117,0,1
2024-03-15,Kibra,Friday,Cloudy,0,96,130,87,0,0
2024-03-15,Westlands,Friday,Cloudy,0,100,132,98,0,0
2024-03-16,Roysambu,Saturday,Cloudy,0,92,105,85,0,0
2024-03-16,Kasarani,Saturday,Cloudy,0,89,117,86,0,0
2024-03-16,Embakasi,Saturday,Sunny,0,106,104,115,0,0
2024-03-16,Langata,Saturday,Cloudy,0,118,133,112,0,0
2024-03-16,Kibra,Saturday,Sunny,0,123,130,125,0,0
2024-03-16,Westlands,Saturday,Sunny,0,129,130,131,0,0
2024-03-17,Roysambu,Sunday,Cloudy,1,117,111,121,1,0
2024-03-17,Kasarani,Sunday,Rainy,1,128,112,133,1,0
2024-03-17,Embakasi,Sunday,Sunny,1,116,121,114,0,0
2024-03-17,Langata,Sunday,Sunny,1,137,137,127,0,0
2024-03-17,Kibra,Sunday,Sunny,1,118,124,129,0,0
2024-03-17,Westlands,Sunday,Cloudy,1,145,142,134,0,0
2024-03-18,Roysambu,Monday,Sunny,0,80,123,72,0,0
2024-03-18,Kasarani,Monday,Sunny,0,78,100,84,0,0
2024-03-18,Embakasi,Monday,Sunny,0,87,111,83,0,0
2024-03-18,Langata,Monday,Cloudy,0,87,120,84,0,0
2024-03-18,Kibra,Monday,Sunny,0,105,131,101,0,0
2024-03-18,Westlands,Monday,Sunny,0,127,156,120,0,0
2024-03-19,Roysambu,Tuesday,Sunny,0,71,115,68,0,0
2024-03-19,Kasarani,Tuesday,Sunny,0,101,110,105,0,0
2024-03-19,Embakasi,Tuesday,Cloudy,0,87,127,81,0,0
2024-03-19,Langata,Tuesday,Rainy,0,101,118,94,0,0
2024-03-19,Kibra,Tuesday,Cloudy,0,100,104,98,0,0
2024-03-19,Westlands,Tuesday,Sunny,0,115,142,117,0,0
2024-03-20,Roysambu,Wednesday,Cloudy,0,76,102,84,0,0
2024-03-20,Kasarani,Wednesday,Sunny,0,80,99,71,0,0
2024-03-20,Embakasi,Wednesday,Sunny,0,93,129,99,0,0
2024-03-20,Langata,Wednesday,Sunny,0,97,120,89,0,0
2024-03-20,Kibra,Wednesday,Sunny,0,104,135,97,0,0
2024-03-20,Westlands,Wednesday,Sunny,0,111,136,106,0,0
2024-03-21,Roysambu,Thursday,Cloudy,0,96,93,100,0,0
2024-03-21,Kasarani,Thursday,Sunny,0,91,92,87,0,0
2024-03-21,Embakasi,Thursday,Sunny,0,90,125,78,0,0
2024-03-21,Langata,Thursday,Cloudy,0,93,138,95,0,0
2024-03-21,Kibra,Thursday,Sunny,0,100,144,104,0,0
2024-03-21,Westlands,Thursday,Cloudy,0,107,132,103,0,0
2024-03-22,Roysambu,Friday,Sunny,0,74,118,71,0,0
2024-03-22,Kasarani,Friday,Sunny,0,87,133,87,0,0
2024-03-22,Embakasi,Friday,Sunny,0,87,114,87,0,0
2024-03-22,Langata,Friday,Sunny,0,96,131,91,0,0
2024-03-22,Kibra,Friday,Sunny,0,109,120,115,0,0
2024-03-22,Westlands,Friday,Sunny,0,108,114,105,0,0
2024-03-23,Roysambu,Saturday,Cloudy,1,119,116,111,0,0
2024-03-23,Kasarani,Saturday,Sunny,1,130,102,135,1,0
2024-03-23,Embakasi,Saturday,Cloudy,1,129,113,123,1,0
2024-03-23,Langata,Saturday,Rainy,1,146,126,143,1,0
2024-03-23,Kibra,Saturday,Sunny,1,140,132,144,1,0
2024-03-23,Westlands,Saturday,Cloudy,1,133,135,122,0,0
2024-03-24,Roysambu,Sunday,Sunny,1,118,124,106,0,0
2024-03-24,Kasarani,Sunday,Sunny,1,119,114,110,0,0
2024-03-24,Embakasi,Sunday,Sunny,1,127,116,115,1,0
2024-03-24,Langata,Sunday,Sunny,1,139,120,146,1,0
2024-03-24,Kibra,Sunday,Sunny,1,133,144,133,0,0
2024-03-24,Westlands,Sunday,Sunny,1,145,135,129,1,1
2024-03-25,Roysambu,Monday,Cloudy,0,69,121,78,0,0
2024-03-25,Kasarani,Monday,Sunny,0,84,100,80,0,0
2024-03-25,Embakasi,Monday,Cloudy,0,86,93,92,0,0
2024-03-25,Langata,Monday,Cloudy,0,111,133,118,0,0
2024-03-25,Kibra,Monday,Cloudy,0,87,129,90,0,0
2024-03-25,Westlands,Monday,Sunny,0,109,133,103,0,0
2024-03-26,Roysambu,Tuesday,Sunny,0,94,123,93,0,0
2024-03-26,Kasarani,Tuesday,Sunny,0,78,117,88,0,0
2024-03-26,Embakasi,Tuesday,Sunny,0,95,122,98,0,0
2024-03-26,Langata,Tuesday,Sunny,0,114,120,118,0,0
2024-03-26,Kibra,Tuesday,Rainy,0,106,131,110,0,0
2024-03-26,Westlands,Tuesday,Sunny,0,102,130,99,0,0
2024-03-27,Roysambu,Wednesday,Sunny,0,82,109,87,0,0
2024-03-27,Kasarani,Wednesday,Sunny,0,81,126,80,0,0
2024-03-27,Embakasi,Wednesday,Sunny,0,90,128,97,0,0
2024-03-27,Langata,Wednesday,Cloudy,0,98,114,109,0,0
2024-03-27,Kibra,Wednesday,Sunny,0,100,143,96,0,0
2024-03-27,Westlands,Wednesday,Sunny,0,121,125,124,0,0
2024-03-28,Roysambu,Thursday,Cloudy,0,100,97,108,0,0
2024-03-28,Kasarani,Thursday,Rainy,0,84,109,84,0,0
2024-03-28,Embakasi,Thursday,Rainy,0,102,126,103,0,0
2024-03-28,Langata,Thursday,Cloudy,0,96,122,97,0,0
2024-03-28,Kibra,Thursday,Sunny,0,106,114,102,0,0
2024-03-28,Westlands,Thursday,Sunny,0,118,147,128,0,0
2024-03-29,Roysambu,Friday,Sunny,0,86,90,88,0,0
2024-03-29,Kasarani,Friday,Sunny,0,85,141,86,0,0
2024-03-29,Embakasi,Friday,Sunny,0,95,111,89,0,0
2024-03-29,Langata,Friday,Rainy,0,114,126,111,0,0
2024-03-29,Kibra,Friday,Sunny,0,116,132,97,0,1
2024-03-29,Westlands,Friday,Sunny,0,111,138,117,0,0
2024-03-30,Roysambu,Saturday,Sunny,1,111,92,112,1,0
2024-03-30,Kasarani,Saturday,Cloudy,1,115,103,122,1,0
2024-03-30,Embakasi,Saturday,Sunny,1,123,113,122,1,0
2024-03-30,Langata,Saturday,Sunny,1,128,125,129,0,0
2024-03-30,Kibra,Saturday,Sunny,1,153,144,158,1,0
2024-03-30,Westlands,Saturday,Rainy,1,148,135,151,1,0
2024-03-31,Roysambu,Sunday,Cloudy,1,114,112,121,0,0
2024-03-31,Kasarani,Sunday,Sunny,1,120,102,114,1,0
2024-03-31,Embakasi,Sunday,Sunny,1,129,122,120,1,0
2024-03-31,Langata,Sunday,Sunny,1,134,114,136,1,0
2024-03-31,Kibra,Sunday,Sunny,1,133,129,135,0,0
2024-03-31,Westlands,Sunday,Cloudy,1,143,139,138,0,0
2024-04-01,Roysambu,Monday,Sunny,0,67,100,59,0,0
2024-04-01,Kasarani,Monday,Cloudy,0,99,97,97,0,0
2024-04-01,Embakasi,Monday,Rainy,0,103,113,102,0,0
2024-04-01,Langata,Monday,Sunny,0,111,117,106,0,0
2024-04-01,Kibra,Monday,Sunny,0,104,114,101,0,0
2024-04-01,Westlands,Monday,Sunny,0,118,129,120,0,0
2024-04-02,Roysambu,Tuesday,Cloudy,0,80,106,72,0,0
2024-04-02,Kasarani,Tuesday,Rainy,0,111,120,110,0,0
2024-04-02,Embakasi,Tuesday,Sunny,0,84,128,74,0,0
2024-04-02,Langata,Tuesday,Sunny,0,87,125,87,0,0
2024-04-02,Kibra,Tuesday,Sunny,0,112,123,113,0,0
2024-04-02,Westlands,Tuesday,Sunny,0,98,127,98,0,0
2024-04-03,Roysambu,Wednesday,Cloudy,0,91,102,89,0,0
2024-04-03,Kasarani,Wednesday,Sunny,0,88,108,86,0,0
2024-04-03,Embakasi,Wednesday,Sunny,0,96,111,91,0,0
2024-04-03,Langata,Wednesday,Rainy,0,81,116,74,0,0
2024-04-03,Kibra,Wednesday,Sunny,0,100,123,99,0,0
2024-04-03,Westlands,Wednesday,Sunny,0,106,135,103,0,0
2024-04-04,Roysambu,Thursday,Rainy,0,96,100,89,0,0
2024-04-04,Kasarani,Thursday,Cloudy,0,86,114,77,0,0
2024-04-04,Embakasi,Thursday,Sunny,0,98,126,99,0,0
2024-04-04,Langata,Thursday,Sunny,0,115,119,108,0,0
2024-04-04,Kibra,Thursday,Cloudy,0,118,146,112,0,0
2024-04-04,Westlands,Thursday,Sunny,0,107,147,99,0,0
2024-04-05,Roysambu,Friday,Sunny,0,97,108,99,0,0
2024-04-05,Kasarani,Friday,Sunny,0,89,95,83,0,0
2024-04-05,Embakasi,Friday,Sunny,0,73,113,70,0,0
2024-04-05,Langata,Friday,Sunny,0,93,113,82,0,0
2024-04-05,Kibra,Friday,Rainy,0,109,115,109,0,0
2024-04-05,Westlands,Friday,Rainy,0,122,130,109,0,1
2024-04-06,Roysambu,Saturday,Sunny,0,95,96,92,0,0
2024-04-06,Kasarani,Saturday,Sunny,0,105,122,106,0,0
2024-04-06,Embakasi,Saturday,Sunny,0,92,113,90,0,0
2024-04-06,Langata,Saturday,Cloudy,0,108,125,109,0,0
2024-04-06,Kibra,Saturday,Cloudy,0,117,137,106,0,0
2024-04-06,Westlands,Saturday,Sunny,0,106,142,110,0,0
2024-04-07,Roysambu,Sunday,Cloudy,0,90,103,98,0,0
2024-04-07,Kasarani,Sunday,Sunny,0,107,114,115,0,0
2024-04-07,Embakasi,Sunday,Sunny,0,103,115,97,0,0
2024-04-07,Langata,Sunday,Cloudy,0,104,133,107,0,0
2024-04-07,Kibra,Sunday,Sunny,0,105,148,95,0,0
2024-04-07,Westlands,Sunday,Cloudy,0,120,148,121,0,0
2024-04-08,Roysambu,Monday,Sunny,0,73,91,79,0,0
2024-04-08,Kasarani,Monday,Sunny,0,96,114,80,0,1
2024-04-08,Embakasi,Monday,Sunny,0,95,113,91,0,0
2024-04-08,Langata,Monday,Sunny,0,105,127,108,0,0
2024-04-08,Kibra,Monday,Sunny,0,105,115,104,0,0
2024-04-08,Westlands,Monday,Rainy,0,105,131,119,0,1
2024-04-09,Roysambu,Tuesday,Sunny,0,70,107,80,0,0
2024-04-09,Kasarani,Tuesday,Rainy,0,99,107,95,0,0
2024-04-09,Embakasi,Tuesday,Sunny,0,86,124,76,0,0
2024-04-09,Langata,Tuesday,Cloudy,0,98,120,88,0,0
2024-04-09,Kibra,Tuesday,Sunny,0,113,126,114,0,0
2024-04-09,Westlands,Tuesday,Sunny,0,109,121,109,0,0
2024-04-10,Roysambu,Wednesday,Sunny,0,82,95,79,0,0
2024-04-10,Kasarani,Wednesday,Sunny,0,84,108,95,0,0
2024-04-10,Embakasi,Wednesday,Cloudy,0,100,105,103,0,0
2024-04-10,Langata,Wednesday,Cloudy,0,93,110,81,0,0
2024-04-10,Kibra,Wednesday,Sunny,0,108,118,108,0,0
2024-04-10,Westlands,Wednesday,Sunny,0,108,123,107,0,0
2024-04-11,Roysambu,Thursday,Cloudy,0,70,98,64,0,0
2024-04-11,Kasarani,Thursday,Cloudy,0,94,107,80,0,1
2024-04-11,Embakasi,Thursday,Cloudy,0,99,109,107,0,0
2024-04-11,Langata,Thursday,Sunny,0,102,133,104,0,0
2024-04-11,Kibra,Thursday,Cloudy,0,96,140,91,0,0
2024-04-11,Westlands,Thursday,Sunny,0,106,136,97,0,0
2024-04-12,Roysambu,Friday,Cloudy,0,72,107,72,0,0
2024-04-12,Kasarani,Friday,Cloudy,0,82,101,83,0,0
2024-04-12,Embakasi,Friday,Sunny,0,100,115,98,0,0
2024-04-12,Langata,Friday,Cloudy,0,97,106,90,0,0
2024-04-12,Kibra,Friday,Rainy,0,112,112,114,0,0
2024-04-12,Westlands,Friday,Sunny,0,103,123,108,0,0
2024-04-13,Roysambu,Saturday,Sunny,0,95,120,98,0,0
2024-04-13,Kasarani,Saturday,Sunny,0,113,97,114,1,0
2024-04-13,Embakasi,Saturday,Sunny,0,99,123,95,0,0
2024-04-13,Langata,Saturday,Cloudy,0,98,126,95,0,0
2024-04-13,Kibra,Saturday,Sunny,0,118,141,121,0,0
2024-04-13,Westlands,Saturday,Sunny,0,131,142,133,0,0
2024-04-14,Roysambu,Sunday,Sunny,0,106,92,111,1,0
2024-04-14,Kasarani,Sunday,Rainy,0,103,91,99,1,0
2024-04-14,Embakasi,Sunday,Rainy,0,108,109,102,0,0
2024-04-14,Langata,Sunday,Sunny,0,111,116,119,0,0
2024-04-14,Kibra,Sunday,Cloudy,0,111,116,117,0,0
2024-04-14,Westlands,Sunday,Sunny,0,112,117,105,0,0
2024-04-15,Roysambu,Monday,Cloudy,0,63,94,57,0,0
2024-04-15,Kasarani,Monday,Sunny,0,99,108,97,0,0
2024-04-15,Embakasi,Monday,Rainy,0,98,121,99,0,0
2024-04-15,Langata,Monday,Cloudy,0,120,132,113,0,0
2024-04-15,Kibra,Monday,Cloudy,0,97,133,88,0,0
2024-04-15,Westlands,Monday,Sunny,0,112,144,115,0,0
2024-04-16,Roysambu,Tuesday,Sunny,0,82,106,78,0,0
2024-04-16,Kasarani,Tuesday,Sunny,0,94,110,93,0,0
2024-04-16,Embakasi,Tuesday,Sunny,0,91,117,93,0,0
2024-04-16,Langata,Tuesday,Cloudy,0,91,126,90,0,0
2024-04-16,Kibra,Tuesday,Sunny,0,110,123,114,0,0
2024-04-16,Westlands,Tuesday,Sunny,0,120,129,121,0,0
2024-04-17,Roysambu,Wednesday,Sunny,0,80,96,83,0,0
2024-04-17,Kasarani,Wednesday,Sunny,0,96,110,93,0,0
2024-04-17,Embakasi,Wednesday,Sunny,0,85,127,91,0,0
2024-04-17,Langata,Wednesday,Sunny,0,101,118,101,0,0
2024-04-17,Kibra,Wednesday,Sunny,0,99,142,102,0,0
2024-04-17,Westlands,Wednesday,Cloudy,0,125,135,118,0,0
2024-04-18,Roysambu,Thursday,Cloudy,0,91,123,97,0,0
2024-04-18,Kasarani,Thursday,Rainy,0,103,116,104,0,0
2024-04-18,Embakasi,Thursday,Sunny,0,97,109,101,0,0
2024-04-18,Langata,Thursday,Sunny,0,96,119,98,0,0
2024-04-18,Kibra,Thursday,Sunny,0,93,140,90,0,0
2024-04-18,Westlands,Thursday,Sunny,0,105,147,110,0,0
2024-04-19,Roysambu,Friday,Sunny,0,70,101,73,0,0
2024-04-19,Kasarani,Friday,Cloudy,0,86,113,90,0,0
2024-04-19,Embakasi,Friday,Cloudy,0,95,107,110,0,1
2024-04-19,Langata,Friday,Cloudy,0,99,128,96,0,0
2024-04-19,Kibra,Friday,Sunny,0,103,119,105,0,0
2024-04-19,Westlands,Friday,Sunny,0,124,142,127,0,0
2024-04-20,Roysambu,Saturday,Sunny,0,106,146,113,0,0
2024-04-20,Kasarani,Saturday,Cloudy,0,105,102,110,0,0
2024-04-20,Embakasi,Saturday,Sunny,0,97,104,102,0,0
2024-04-20,Langata,Saturday,Sunny,0,113,122,106,0,0
2024-04-20,Kibra,Saturday,Sunny,0,114,114,110,0,0
2024-04-20,Westlands,Saturday,Cloudy,0,129,141,121,0,0
2024-04-21,Roysambu,Sunday,Rainy,0,95,109,95,0,0
2024-04-21,Kasarani,Sunday,Sunny,0,103,106,103,0,0
2024-04-21,Embakasi,Sunday,Sunny,0,106,103,113,0,0
2024-04-21,Langata,Sunday,Sunny,0,104,119,102,0,0
2024-04-21,Kibra,Sunday,Cloudy,0,104,122,101,0,0
2024-04-21,Westlands,Sunday,Cloudy,0,126,146,131,0,0
2024-04-22,Roysambu,Monday,Sunny,0,65,112,65,0,0
2024-04-22,Kasarani,Monday,Cloudy,0,101,102,83,0,1
2024-04-22,Embakasi,Monday,Cloudy,0,95,117,87,0,0
2024-04-22,Langata,Monday,Sunny,0,95,110,98,0,0
2024-04-22,Kibra,Monday,Cloudy,0,98,121,99,0,0
2024-04-22,Westlands,Monday,Cloudy,0,111,136,110,0,0
2024-04-23,Roysambu,Tuesday,Rainy,0,77,94,72,0,0
2024-04-23,Kasarani,Tuesday,Sunny,0,102,97,99,0,0
2024-04-23,Embakasi,Tuesday,Cloudy,0,89,127,87,0,0
2024-04-23,Langata,Tuesday,Sunny,0,104,141,112,0,0
2024-04-23,Kibra,Tuesday,Rainy,0,109,127,108,0,0
2024-04-23,Westlands,Tuesday,Sunny,0,111,126,116,0,0
2024-04-24,Roysambu,Wednesday,Sunny,0,79,92,79,0,0
2024-04-24,Kasarani,Wednesday,Sunny,0,81,105,82,0,0
2024-04-24,Embakasi,Wednesday,Sunny,0,96,131,99,0,0
2024-04-24,Langata,Wednesday,Sunny,0,112,115,107,0,0
2024-04-24,Kibra,Wednesday,Sunny,0,103,131,101,0,0
2024-04-24,Westlands,Wednesday,Sunny,0,122,124,126,0,0
2024-04-25,Roysambu,Thursday,Sunny,0,67,96,63,0,0
2024-04-25,Kasarani,Thursday,Cloudy,0,83,110,74,0,0
2024-04-25,Embakasi,Thursday,Sunny,0,92,121,88,0,0
2024-04-25,Langata,Thursday,Sunny,0,113,103,114,1,0
2024-04-25,Kibra,Thursday,Sunny,0,100,122,94,0,0
2024-04-25,Westlands,Thursday,Sunny,0,89,131,88,0,0
2024-04-26,Roysambu,Friday,Sunny,0,92,99,90,0,0
2024-04-26,Kasarani,Friday,Sunny,0,85,124,99,0,1
2024-04-26,Embakasi,Friday,Rainy,0,108,134,109,0,0
2024-04-26,Langata,Friday,Sunny,0,104,124,106,0,0
2024-04-26,Kibra,Friday,Cloudy,0,106,113,96,0,0
2024-04-26,Westlands,Friday,Sunny,0,101,134,101,0,0
2024-04-27,Roysambu,Saturday,Sunny,1,122,104,124,1,0
2024-04-27,Kasarani,Saturday,Cloudy,1,119,121,124,0,0
2024-04-27,Embakasi,Saturday,Rainy,1,130,107,126,1,0
2024-04-27,Langata,Saturday,Cloudy,1,131,129,126,0,0
2024-04-27,Kibra,Saturday,Sunny,1,137,139,133,0,0
2024-04-27,Westlands,Saturday,Rainy,1,146,123,149,1,0
2024-04-28,Roysambu,Sunday,Sunny,0,105,118,95,0,0
2024-04-28,Kasarani,Sunday,Cloudy,0,102,106,103,0,0
2024-04-28,Embakasi,Sunday,Rainy,0,126,122,120,0,0
2024-04-28,Langata,Sunday,Sunny,0,99,119,96,0,0
2024-04-28,Kibra,Sunday,Rainy,0,133,141,132,0,0
2024-04-28,Westlands,Sunday,Sunny,0,128,134,121,0,0
2024-04-29,Roysambu,Monday,Cloudy,0,77,107,77,0,0
2024-04-29,Kasarani,Monday,Sunny,0,73,117,73,0,0
2024-04-29,Embakasi,Monday,Sunny,0,88,120,104,0,1
2024-04-29,Langata,Monday,Sunny,0,97,113,106,0,0
2024-04-29,Kibra,Monday,Cloudy,0,107,124,105,0,0
2024-04-29,Westlands,Monday,Cloudy,0,120,132,112,0,0
2024-04-30,Roysambu,Tuesday,Sunny,0,75,108,80,0,0
2024-04-30,Kasarani,Tuesday,Sunny,0,68,117,67,0,0
2024-04-30,Embakasi,Tuesday,Sunny,0,91,100,92,0,0
2024-04-30,Langata,Tuesday,Sunny,0,95,124,101,0,0
2024-04-30,Kibra,Tuesday,Rainy,0,123,138,120,0,0
2024-04-30,Westlands,Tuesday,Sunny,0,98,137,93,0,0
2024-05-01,Roysambu,Wednesday,Sunny,0,74,95,75,0,0
2024-05-01,Kasarani,Wednesday,Sunny,0,86,120,86,0,0
2024-05-01,Embakasi,Wednesday,Sunny,0,93,100,95,0,0
2024-05-01,Langata,Wednesday,Sunny,0,105,129,103,0,0
2024-05-01,Kibra,Wednesday,Sunny,0,101,131,99,0,0
2024-05-01,Westlands,Wednesday,Cloudy,0,106,151,118,0,0
2024-05-02,Roysambu,Thursday,Cloudy,0,92,89,83,0,0
2024-05-02,Kasarani,Thursday,Sunny,0,86,109,76,0,0
2024-05-02,Embakasi,Thursday,Sunny,0,109,129,115,0,0
2024-05-02,Langata,Thursday,Sunny,0,91,123,103,0,0
2024-05-02,Kibra,Thursday,Sunny,0,100,140,107,0,0
2024-05-02,Westlands,Thursday,Sunny,0,107,129,107,0,0
2024-05-03,Roysambu,Friday,Sunny,0,73,115,73,0,0
2024-05-03,Kasarani,Friday,Cloudy,0,88,110,91,0,0
2024-05-03,Embakasi,Friday,Sunny,0,77,114,75,0,0
2024-05-03,Langata,Friday,Sunny,0,97,102,94,0,0
2024-05-03,Kibra,Friday,Sunny,0,104,124,103,0,0
2024-05-03,Westlands,Friday,Rainy,0,118,135,112,0,0
2024-05-04,Roysambu,Saturday,Cloudy,0,93,129,92,0,0
2024-05-04,Kasarani,Saturday,Cloudy,0,97,101,101,0,0
2024-05-04,Embakasi,Saturday,Sunny,0,102,111,96,0,0
2024-05-04,Langata,Saturday,Rainy,0,117,131,118,0,0
2024-05-04,Kibra,Saturday,Cloudy,0,125,134,136,0,0
2024-05-04,Westlands,Saturday,Sunny,0,125,134,134,0,0
2024-05-05,Roysambu,Sunday,Rainy,0,107,96,110,1,0
2024-05-05,Kasarani,Sunday,Rainy,0,107,116,98,0,0
2024-05-05,Embakasi,Sunday,Cloudy,0,103,145,103,0,0
2024-05-05,Langata,Sunday,Cloudy,0,101,136,98,0,0
2024-05-05,Kibra,Sunday,Cloudy,0,121,135,124,0,0
2024-05-05,Westlands,Sunday,Sunny,0,126,137,128,0,0
2024-05-06,Roysambu,Monday,Rainy,0,96,105,91,0,0
2024-05-06,Kasarani,Monday,Cloudy,0,92,93,81,0,0
2024-05-06,Embakasi,Monday,Sunny,0,104,104,104,0,0
2024-05-06,Langata,Monday,Sunny,0,95,126,87,0,0
2024-05-06,Kibra,Monday,Sunny,0,101,127,94,0,0
2024-05-06,Westlands,Monday,Sunny,0,106,130,107,0,0
2024-05-07,Roysambu,Tuesday,Cloudy,0,86,95,77,0,0
2024-05-07,Kasarani,Tuesday,Sunny,0,86,98,77,0,0
2024-05-07,Embakasi,Tuesday,Cloudy,0,85,102,90,0,0
2024-05-07,Langata,Tuesday,Cloudy,0,107,123,108,0,0
2024-05-07,Kibra,Tuesday,Cloudy,0,82,117,81,0,0
2024-05-07,Westlands,Tuesday,Sunny,0,95,134,88,0,0
2024-05-08,Roysambu,Wednesday,Cloudy,0,79,112,85,0,0
2024-05-08,Kasarani,Wednesday,Cloudy,0,92,107,108,0,1
2024-05-08,Embakasi,Wednesday,Sunny,0,87,126,91,0,0
2024-05-08,Langata,Wednesday,Sunny,0,103,102,112,0,0
2024-05-08,Kibra,Wednesday,Sunny,0,113,108,114,0,0
2024-05-08,Westlands,Wednesday,Sunny,0,114,138,116,0,0
2024-05-09,Roysambu,Thursday,Cloudy,0,79,103,81,0,0
2024-05-09,Kasarani,Thursday,Sunny,0,87,98,87,0,0
2024-05-09,Embakasi,Thursday,Cloudy,0,105,87,105,1,0
2024-05-09,Langata,Thursday,Cloudy,0,96,118,94,0,0
2024-05-09,Kibra,Thursday,Rainy,0,102,140,101,0,0
2024-05-09,Westlands,Thursday,Sunny,0,118,119,114,0,0
2024-05-10,Roysambu,Friday,Rainy,0,105,98,92,1,1
2024-05-10,Kasarani,Friday,Sunny,0,89,118,102,0,1
2024-05-10,Embakasi,Friday,Rainy,0,101,108,110,0,0
2024-05-10,Langata,Friday,Sunny,0,92,118,84,0,0
2024-05-10,Kibra,Friday,Sunny,0,102,136,99,0,0
2024-05-10,Westlands,Friday,Sunny,0,97,137,97,0,0
2024-05-11,Roysambu,Saturday,Sunny,0,98,118,93,0,0
2024-05-11,Kasarani,Saturday,Sunny,0,108,103,107,0,0
2024-05-11,Embakasi,Saturday,Cloudy,0,96,118,96,0,0
2024-05-11,Langata,Saturday,Sunny,0,103,123,111,0,0
2024-05-11,Kibra,Saturday,Sunny,0,121,141,113,0,0
2024-05-11,Westlands,Saturday,Cloudy,0,121,137,116,0,0
2024-05-12,Roysambu,Sunday,Sunny,0,100,107,102,0,0
2024-05-12,Kasarani,Sunday,Cloudy,0,104,116,102,0,0
2024-05-12,Embakasi,Sunday,Cloudy,0,120,118,120,0,0
2024-05-12,Langata,Sunday,Cloudy,0,111,118,112,0,0
2024-05-12,Kibra,Sunday,Sunny,0,117,121,117,0,0
2024-05-12,Westlands,Sunday,Cloudy,0,123,114,126,1,0
2024-05-13,Roysambu,Monday,Sunny,0,72,112,63,0,0
2024-05-13,Kasarani,Monday,Cloudy,0,85,88,86,0,0
2024-05-13,Embakasi,Monday,Sunny,0,87,109,86,0,0
2024-05-13,Langata,Monday,Sunny,0,83,135,81,0,0
2024-05-13,Kibra,Monday,Cloudy,0,94,136,86,0,0
2024-05-13,Westlands,Monday,Sunny,0,105,129,98,0,0
2024-05-14,Roysambu,Tuesday,Sunny,0,80,107,75,0,0
2024-05-14,Kasarani,Tuesday,Sunny,0,93,94,92,0,0
2024-05-14,Embakasi,Tuesday,Sunny,0,83,119,79,0,0
2024-05-14,Langata,Tuesday,Sunny,0,108,132,96,0,0
2024-05-14,Kibra,Tuesday,Sunny,0,108,126,117,0,0
2024-05-14,Westlands,Tuesday,Cloudy,0,112,124,114,0,0
2024-05-15,Roysambu,Wednesday,Sunny,0,90,109,85,0,0
2024-05-15,Kasarani,Wednesday,Cloudy,0,103,108,106,0,0
2024-05-15,Embakasi,Wednesday,Sunny,0,92,101,91,0,0
2024-05-15,Langata,Wednesday,Sunny,0,112,105,110,1,0
2024-05-15,Kibra,Wednesday,Rainy,0,110,127,105,0,0
2024-05-15,Westlands,Wednesday,Sunny,0,95,128,89,0,0
2024-05-16,Roysambu,Thursday,Rainy,0,81,100,78,0,0
2024-05-16,Kasarani,Thursday,Sunny,0,81,100,81,0,0
2024-05-16,Embakasi,Thursday,Sunny,0,93,110,92,0,0
2024-05-16,Langata,Thursday,Cloudy,0,96,118,90,0,0
2024-05-16,Kibra,Thursday,Sunny,0,100,138,106,0,0
2024-05-16,Westlands,Thursday,Sunny,0,105,130,109,0,0
2024-05-17,Roysambu,Friday,Sunny,0,80,110,76,0,0
2024-05-17,Kasarani,Friday,Cloudy,0,85,102,83,0,0
2024-05-17,Embakasi,Friday,Rainy,0,96,126,92,0,0
2024-05-17,Langata,Friday,Cloudy,0,103,114,107,0,0
2024-05-17,Kibra,Friday,Sunny,0,97,128,93,0,0
2024-05-17,Westlands,Friday,Sunny,0,125,131,128,0,0
2024-05-18,Roysambu,Saturday,Cloudy,0,93,96,95,0,0
2024-05-18,Kasarani,Saturday,Sunny,0,93,121,93,0,0
2024-05-18,Embakasi,Saturday,Sunny,0,117,98,124,1,0
2024-05-18,Langata,Saturday,Sunny,0,114,117,108,0,0
2024-05-18,Kibra,Saturday,Rainy,0,141,126,143,1,0
2024-05-18,Westlands,Saturday,Cloudy,0,138,113,140,1,0
2024-05-19,Roysambu,Sunday,Rainy,0,100,123,96,0,0
2024-05-19,Kasarani,Sunday,Sunny,0,110,110,110,0,0
2024-05-19,Embakasi,Sunday,Sunny,0,101,126,101,0,0
2024-05-19,Langata,Sunday,Cloudy,0,114,144,111,0,0
2024-05-19,Kibra,Sunday,Sunny,0,120,145,112,0,0
2024-05-19,Westlands,Sunday,Sunny,0,121,136,128,0,0
2024-05-20,Roysambu,Monday,Rainy,0,97,98,92,0,0
2024-05-20,Kasarani,Monday,Cloudy,0,85,109,79,0,0
2024-05-20,Embakasi,Monday,Cloudy,0,89,131,89,0,0
2024-05-20,Langata,Monday,Cloudy,0,102,114,104,0,0
2024-05-20,Kibra,Monday,Sunny,0,106,138,110,0,0
2024-05-20,Westlands,Monday,Cloudy,0,111,140,115,0,0
2024-05-21,Roysambu,Tuesday,Cloudy,0,81,103,78,0,0
2024-05-21,Kasarani,Tuesday,Cloudy,0,80,97,84,0,0
2024-05-21,Embakasi,Tuesday,Sunny,0,76,126,76,0,0
2024-05-21,Langata,Tuesday,Cloudy,0,94,109,86,0,0
2024-05-21,Kibra,Tuesday,Sunny,0,93,132,90,0,0
2024-05-21,Westlands,Tuesday,Rainy,0,119,138,121,0,0
2024-05-22,Roysambu,Wednesday,Sunny,0,81,107,66,0,1
2024-05-22,Kasarani,Wednesday,Cloudy,0,87,116,79,0,0
2024-05-22,Embakasi,Wednesday,Cloudy,0,83,124,74,0,0
2024-05-22,Langata,Wednesday,Sunny,0,102,116,96,0,0
2024-05-22,Kibra,Wednesday,Sunny,0,111,136,116,0,0
2024-05-22,Westlands,Wednesday,Rainy,0,116,128,117,0,0
2024-05-23,Roysambu,Thursday,Cloudy,0,76,110,83,0,0
2024-05-23,Kasarani,Thursday,Cloudy,0,100,103,88,0,0
2024-05-23,Embakasi,Thursday,Sunny,0,85,114,74,0,0
2024-05-23,Langata,Thursday,Sunny,0,85,118,82,0,0
2024-05-23,Kibra,Thursday,Cloudy,0,113,135,103,0,0
2024-05-23,Westlands,Thursday,Sunny,0,110,134,109,0,0
2024-05-24,Roysambu,Friday,Cloudy,0,74,103,81,0,0
2024-05-24,Kasarani,Friday,Cloudy,0,77,110,70,0,0
2024-05-24,Embakasi,Friday,Sunny,0,89,131,88,0,0
2024-05-24,Langata,Friday,Cloudy,0,80,127,80,0,0
2024-05-24,Kibra,Friday,Sunny,0,105,130,98,0,0
2024-05-24,Westlands,Friday,Sunny,0,119,132,113,0,0
2024-05-25,Roysambu,Saturday,Rainy,1,113,110,108,0,0
2024-05-25,Kasarani,Saturday,Cloudy,1,116,105,125,1,0
2024-05-25,Embakasi,Saturday,Rainy,1,138,134,142,0,0
2024-05-25,Langata,Saturday,Rainy,1,130,115,130,1,0
2024-05-25,Kibra,Saturday,Sunny,1,128,120,123,1,0
2024-05-25,Westlands,Saturday,Sunny,1,160,125,154,1,0
2024-05-26,Roysambu,Sunday,Rainy,0,102,96,99,1,0
2024-05-26,Kasarani,Sunday,Rainy,0,111,137,114,0,0
2024-05-26,Embakasi,Sunday,Sunny,0,101,103,105,0,0
2024-05-26,Langata,Sunday,Sunny,0,109,135,109,0,0
2024-05-26,Kibra,Sunday,Sunny,0,121,127,115,0,0
2024-05-26,Westlands,Sunday,Sunny,0,131,129,133,0,0
2024-05-27,Roysambu,Monday,Sunny,0,86,108,78,0,0
2024-05-27,Kasarani,Monday,Cloudy,0,93,98,86,0,0
2024-05-27,Embakasi,Monday,Sunny,0,109,110,111,0,0
2024-05-27,Langata,Monday,Cloudy,0,93,124,90,0,0
2024-05-27,Kibra,Monday,Sunny,0,90,128,95,0,0
2024-05-27,Westlands,Monday,Cloudy,0,118,140,117,0,0
2024-05-28,Roysambu,Tuesday,Rainy,0,84,90,82,0,0
2024-05-28,Kasarani,Tuesday,Cloudy,0,99,116,93,0,0
2024-05-28,Embakasi,Tuesday,Rainy,0,98,125,96,0,0
2024-05-28,Langata,Tuesday,Sunny,0,96,130,86,0,0
2024-05-28,Kibra,Tuesday,Rainy,0,103,136,101,0,0
2024-05-28,Westlands,Tuesday,Sunny,0,105,132,106,0,0
2024-05-29,Roysambu,Wednesday,Cloudy,0,88,119,89,0,0
2024-05-29,Kasarani,Wednesday,Cloudy,0,86,121,88,0,0
2024-05-29,Embakasi,Wednesday,Sunny,0,93,122,92,0,0
2024-05-29,Langata,Wednesday,Rainy,0,112,122,94,0,1
2024-05-29,Kibra,Wednesday,Cloudy,0,101,120,94,0,0
2024-05-29,Westlands,Wednesday,Sunny,0,105,127,100,0,0
2024-05-30,Roysambu,Thursday,Sunny,0,96,113,102,0,0
2024-05-30,Kasarani,Thursday,Sunny,0,86,115,82,0,0
2024-05-30,Embakasi,Thursday,Cloudy,0,98,127,98,0,0
2024-05-30,Langata,Thursday,Sunny,0,95,108,95,0,0
2024-05-30,Kibra,Thursday,Sunny,0,101,131,103,0,0
2024-05-30,Westlands,Thursday,Rainy,0,108,132,110,0,0
2024-05-31,Roysambu,Friday,Sunny,0,77,110,82,0,0
2024-05-31,Kasarani,Friday,Cloudy,0,95,123,103,0,0
2024-05-31,Embakasi,Friday,Sunny,0,110,110,122,0,0
2024-05-31,Langata,Friday,Sunny,0,108,119,113,0,0
2024-05-31,Kibra,Friday,Cloudy,0,95,127,82,0,1
2024-05-31,Westlands,Friday,Cloudy,0,117,133,112,0,0
2024-06-01,Roysambu,Saturday,Sunny,0,108,90,111,1,0
2024-06-01,Kasarani,Saturday,Rainy,0,106,112,107,0,0
2024-06-01,Embakasi,Saturday,Cloudy,0,98,118,98,0,0
2024-06-01,Langata,Saturday,Sunny,0,106,122,111,0,0
2024-06-01,Kibra,Saturday,Sunny,0,131,122,132,1,0
2024-06-01,Westlands,Saturday,Cloudy,0,129,127,140,0,0
2024-06-02,Roysambu,Sunday,Sunny,0,95,110,103,0,0
2024-06-02,Kasarani,Sunday,Cloudy,0,95,117,106,0,0
2024-06-02,Embakasi,Sunday,Cloudy,0,123,120,120,0,0
2024-06-02,Langata,Sunday,Sunny,0,111,103,108,1,0
2024-06-02,Kibra,Sunday,Sunny,0,110,136,108,0,0
2024-06-02,Westlands,Sunday,Sunny,0,122,138,122,0,0
2024-06-03,Roysambu,Monday,Cloudy,0,81,104,74,0,0
2024-06-03,Kasarani,Monday,Sunny,0,90,116,88,0,0
2024-06-03,Embakasi,Monday,Sunny,0,84,107,82,0,0
2024-06-03,Langata,Monday,Cloudy,0,99,120,108,0,0
2024-06-03,Kibra,Monday,Cloudy,0,114,151,110,0,0
2024-06-03,Westlands,Monday,Sunny,0,108,132,103,0,0
2024-06-04,Roysambu,Tuesday,Cloudy,0,82,109,79,0,0
2024-06-04,Kasarani,Tuesday,Sunny,0,84,105,90,0,0
2024-06-04,Embakasi,Tuesday,Sunny,0,82,114,90,0,0
2024-06-04,Langata,Tuesday,Rainy,0,109,123,116,0,0
2024-06-04,Kibra,Tuesday,Sunny,0,109,127,114,0,0
2024-06-04,Westlands,Tuesday,Cloudy,0,110,133,103,0,0
2024-06-05,Roysambu,Wednesday,Cloudy,0,75,106,70,0,0
2024-06-05,Kasarani,Wednesday,Cloudy,0,70,107,76,0,0
2024-06-05,Embakasi,Wednesday,Cloudy,0,91,119,86,0,0
2024-06-05,Langata,Wednesday,Cloudy,0,114,124,129,0,1
2024-06-05,Kibra,Wednesday,Sunny,0,93,121,91,0,0
2024-06-05,Westlands,Wednesday,Sunny,0,107,126,101,0,0
2024-06-06,Roysambu,Thursday,Sunny,0,87,100,75,0,0
2024-06-06,Kasarani,Thursday,Sunny,0,99,117,99,0,0
2024-06-06,Embakasi,Thursday,Sunny,0,107,116,106,0,0
2024-06-06,Langata,Thursday,Cloudy,0,95,108,86,0,0
2024-06-06,Kibra,Thursday,Rainy,0,120,113,131,1,0
2024-06-06,Westlands,Thursday,Cloudy,0,123,131,113,0,0
2024-06-07,Roysambu,Friday,Cloudy,0,91,95,89,0,0
2024-06-07,Kasarani,Friday,Cloudy,0,85,112,82,0,0
2024-06-07,Embakasi,Friday,Sunny,0,87,124,85,0,0
2024-06-07,Langata,Friday,Cloudy,0,90,116,98,0,0
2024-06-07,Kibra,Friday,Rainy,0,117,129,118,0,0
2024-06-07,Westlands,Friday,Cloudy,0,107,134,103,0,0
2024-06-08,Roysambu,Saturday,Cloudy,1,132,107,120,1,0
2024-06-08,Kasarani,Saturday,Sunny,1,119,131,127,0,0
2024-06-08,Embakasi,Saturday,Sunny,1,132,111,132,1,0
2024-06-08,Langata,Saturday,Sunny,1,141,131,141,1,0
2024-06-08,Kibra,Saturday,Rainy,1,144,112,135,1,0
2024-06-08,Westlands,Saturday,Sunny,1,144,136,140,1,0
2024-06-09,Roysambu,Sunday,Sunny,1,118,104,120,1,0
2024-06-09,Kasarani,Sunday,Sunny,1,117,96,107,1,0
2024-06-09,Embakasi,Sunday,Cloudy,1,138,130,133,1,0
2024-06-09,Langata,Sunday,Sunny,1,126,109,122,1,0
2024-06-09,Kibra,Sunday,Sunny,1,145,119,143,1,0
2024-06-09,Westlands,Sunday,Rainy,1,148,135,150,1,0
2024-06-10,Roysambu,Monday,Sunny,0,82,98,78,0,0
2024-06-10,Kasarani,Monday,Sunny,0,73,109,77,0,0
2024-06-10,Embakasi,Monday,Sunny,0,94,124,82,0,0
2024-06-10,Langata,Monday,Sunny,0,111,128,99,0,0
2024-06-10,Kibra,Monday,Sunny,0,98,135,93,0,0
2024-06-10,Westlands,Monday,Sunny,0,105,135,101,0,0
2024-06-11,Roysambu,Tuesday,Sunny,0,70,109,71,0,0
2024-06-11,Kasarani,Tuesday,Sunny,0,93,109,93,0,0
2024-06-11,Embakasi,Tuesday,Cloudy,0,94,128,92,0,0
2024-06-11,Langata,Tuesday,Sunny,0,98,128,100,0,0
2024-06-11,Kibra,Tuesday,Sunny,0,109,124,105,0,0
2024-06-11,Westlands,Tuesday,Cloudy,0,103,124,90,0,1
2024-06-12,Roysambu,Wednesday,Sunny,0,95,98,106,0,0
2024-06-12,Kasarani,Wednesday,Sunny,0,85,95,85,0,0
2024-06-12,Embakasi,Wednesday,Sunny,0,104,119,97,0,0
2024-06-12,Langata,Wednesday,Rainy,0,99,135,108,0,0
2024-06-12,Kibra,Wednesday,Sunny,0,101,144,95,0,0
2024-06-12,Westlands,Wednesday,Cloudy,0,113,126,109,0,0
2024-06-13,Roysambu,Thursday,Sunny,0,91,124,91,0,0
2024-06-13,Kasarani,Thursday,Sunny,0,81,111,77,0,0
2024-06-13,Embakasi,Thursday,Sunny,0,95,112,93,0,0
2024-06-13,Langata,Thursday,Rainy,0,103,118,107,0,0
2024-06-13,Kibra,Thursday,Sunny,0,116,130,119,0,0
2024-06-13,Westlands,Thursday,Sunny,0,104,125,97,0,0
2024-06-14,Roysambu,Friday,Sunny,0,85,99,88,0,0
2024-06-14,Kasarani,Friday,Sunny,0,82,122,80,0,0
2024-06-14,Embakasi,Friday,Sunny,0,86,86,79,0,0
2024-06-14,Langata,Friday,Cloudy,0,93,118,79,0,1
2024-06-14,Kibra,Friday,Sunny,0,113,135,105,0,0
2024-06-14,Westlands,Friday,Sunny,0,109,123,96,0,1
2024-06-15,Roysambu,Saturday,Sunny,1,119,113,109,1,0
2024-06-15,Kasarani,Saturday,Rainy,1,126,110,124,1,0
2024-06-15,Embakasi,Saturday,Sunny,1,102,128,103,0,0
2024-06-15,Langata,Saturday,Sunny,1,136,118,133,1,0
2024-06-15,Kibra,Saturday,Sunny,1,143,121,136,1,0
2024-06-15,Westlands,Saturday,Sunny,1,143,133,147,1,0
2024-06-16,Roysambu,Sunday,Cloudy,0,97,89,98,1,0
2024-06-16,Kasarani,Sunday,Sunny,0,107,116,109,0,0
2024-06-16,Embakasi,Sunday,Rainy,0,114,105,113,1,0
2024-06-16,Langata,Sunday,Rainy,0,108,134,110,0,0
2024-06-16,Kibra,Sunday,Rainy,0,119,118,120,0,0
2024-06-16,Westlands,Sunday,Cloudy,0,137,133,137,0,0
2024-06-17,Roysambu,Monday,Sunny,0,77,106,74,0,0
2024-06-17,Kasarani,Monday,Cloudy,0,88,126,88,0,0
2024-06-17,Embakasi,Monday,Cloudy,0,96,127,92,0,0
2024-06-17,Langata,Monday,Sunny,0,96,128,100,0,0
2024-06-17,Kibra,Monday,Sunny,0,111,123,116,0,0
2024-06-17,Westlands,Monday,Sunny,0,115,136,119,0,0
2024-06-18,Roysambu,Tuesday,Sunny,0,81,108,73,0,0
2024-06-18,Kasarani,Tuesday,Cloudy,0,76,106,76,0,0
2024-06-18,Embakasi,Tuesday,Sunny,0,92,117,87,0,0
2024-06-18,Langata,Tuesday,Sunny,0,91,145,90,0,0
2024-06-18,Kibra,Tuesday,Sunny,0,121,117,115,0,0
2024-06-18,Westlands,Tuesday,Sunny,0,106,121,111,0,0
2024-06-19,Roysambu,Wednesday,Sunny,0,85,114,86,0,0
2024-06-19,Kasarani,Wednesday,Cloudy,0,72,102,70,0,0
2024-06-19,Embakasi,Wednesday,Cloudy,0,106,129,101,0,0
2024-06-19,Langata,Wednesday,Sunny,0,91,115,99,0,0
2024-06-19,Kibra,Wednesday,Sunny,0,103,136,93,0,0
2024-06-19,Westlands,Wednesday,Sunny,0,101,132,97,0,0
2024-06-20,Roysambu,Thursday,Cloudy,0,81,107,79,0,0
2024-06-20,Kasarani,Thursday,Sunny,0,79,117,77,0,0
2024-06-20,Embakasi,Thursday,Sunny,0,85,114,96,0,0
2024-06-20,Langata,Thursday,Sunny,0,88,132,85,0,0
2024-06-20,Kibra,Thursday,Cloudy,0,99,141,95,0,0
2024-06-20,Westlands,Thursday,Sunny,0,101,132,109,0,0
2024-06-21,Roysambu,Friday,Cloudy,0,98,102,99,0,0
2024-06-21,Kasarani,Friday,Cloudy,0,73,94,68,0,0
2024-06-21,Embakasi,Friday,Sunny,0,79,122,82,0,0
2024-06-21,Langata,Friday,Sunny,0,106,126,114,0,0
2024-06-21,Kibra,Friday,Cloudy,0,100,117,96,0,0
2024-06-21,Westlands,Friday,Rainy,0,119,113,117,1,0
2024-06-22,Roysambu,Saturday,Cloudy,0,108,106,102,0,0
2024-06-22,Kasarani,Saturday,Sunny,0,106,102,111,0,0
2024-06-22,Embakasi,Saturday,Rainy,0,102,122,109,0,0
2024-06-22,Langata,Saturday,Cloudy,0,96,114,88,0,0
2024-06-22,Kibra,Saturday,Sunny,0,122,102,120,1,0
2024-06-22,Westlands,Saturday,Sunny,0,126,136,123,0,0
2024-06-23,Roysambu,Sunday,Sunny,0,95,111,99,0,0
2024-06-23,Kasarani,Sunday,Cloudy,0,109,107,100,0,0
2024-06-23,Embakasi,Sunday,Cloudy,0,108,121,100,0,0
2024-06-23,Langata,Sunday,Sunny,0,118,120,112,0,0
2024-06-23,Kibra,Sunday,Sunny,0,110,151,106,0,0
2024-06-23,Westlands,Sunday,Sunny,0,123,150,118,0,0
2024-06-24,Roysambu,Monday,Sunny,0,86,111,92,0,0
2024-06-24,Kasarani,Monday,Cloudy,0,86,123,81,0,0
2024-06-24,Embakasi,Monday,Sunny,0,90,119,90,0,0
2024-06-24,Langata,Monday,Rainy,0,103,124,102,0,0
2024-06-24,Kibra,Monday,Rainy,0,120,131,115,0,0
2024-06-24,Westlands,Monday,Sunny,0,125,124,125,0,0
2024-06-25,Roysambu,Tuesday,Sunny,0,77,94,72,0,0
2024-06-25,Kasarani,Tuesday,Sunny,0,80,124,79,0,0
2024-06-25,Embakasi,Tuesday,Cloudy,0,92,123,89,0,0
2024-06-25,Langata,Tuesday,Cloudy,0,87,134,86,0,0
2024-06-25,Kibra,Tuesday,Sunny,0,98,116,87,0,0
2024-06-25,Westlands,Tuesday,Sunny,0,114,125,104,0,0
2024-06-26,Roysambu,Wednesday,Cloudy,0,76,101,75,0,0
2024-06-26,Kasarani,Wednesday,Sunny,0,95,131,85,0,0
2024-06-26,Embakasi,Wednesday,Cloudy,0,97,112,102,0,0
2024-06-26,Langata,Wednesday,Rainy,0,118,133,124,0,0
2024-06-26,Kibra,Wednesday,Rainy,0,111,125,101,0,0
2024-06-26,Westlands,Wednesday,Rainy,0,123,131,130,0,0
2024-06-27,Roysambu,Thursday,Cloudy,0,65,115,57,0,0
2024-06-27,Kasarani,Thursday,Sunny,0,87,114,92,0,0
2024-06-27,Embakasi,Thursday,Rainy,0,104,109,105,0,0
2024-06-27,Langata,Thursday,Rainy,0,118,108,115,1,0
2024-06-27,Kibra,Thursday,Sunny,0,98,129,94,0,0
2024-06-27,Westlands,Thursday,Cloudy,0,111,130,110,0,0
2024-06-28,Roysambu,Friday,Rainy,0,95,93,90,0,0
2024-06-28,Kasarani,Friday,Cloudy,0,88,100,92,0,0
2024-06-28,Embakasi,Friday,Rainy,0,110,122,103,0,0
2024-06-28,Langata,Friday,Sunny,0,93,124,91,0,0
2024-06-28,Kibra,Friday,Rainy,0,100,134,101,0,0
2024-06-28,Westlands,Friday,Sunny,0,112,128,113,0,0
