date,neighborhood,day_of_week,weather,is_holiday,predicted_demand_cylinders
2024-01-01,Roysambu,Monday,Cloudy,0,94
2024-01-01,Kasarani,Monday,Sunny,0,88
2024-01-01,Westlands,Monday,Sunny,0,50
2024-01-01,Kibera,Monday,Rainy,0,57
2024-01-01,Kilimani,Monday,Cloudy,0,60
2024-01-02,Roysambu,Tuesday,Sunny,0,118
2024-01-02,Kasarani,Tuesday,Sunny,0,96
2024-01-02,Westlands,Tuesday,Sunny,0,83
2024-01-02,Kibera,Tuesday,Sunny,0,80
2024-01-02,Kilimani,Tuesday,Cloudy,0,67
2024-01-03,Roysambu,Wednesday,Sunny,0,118
2024-01-03,Kasarani,Wednesday,Rainy,0,40
2024-01-03,Westlands,Wednesday,Rainy,0,32
2024-01-03,Kibera,Wednesday,Sunny,0,52
2024-01-03,Kilimani,Wednesday,Sunny,0,89
2024-01-04,Roysambu,Thursday,Cloudy,0,109
2024-01-04,Kasarani,Thursday,Sunny,0,86
2024-01-04,Westlands,Thursday,Sunny,0,60
2024-01-04,Kibera,Thursday,Sunny,0,59
2024-01-04,Kilimani,Thursday,Sunny,0,91
2024-01-05,Roysambu,Friday,Sunny,0,110
2024-01-05,Kasarani,Friday,Cloudy,0,82
2024-01-05,Westlands,Friday,Cloudy,0,70
2024-01-05,Kibera,Friday,Cloudy,0,94
2024-01-05,Kilimani,Friday,Sunny,0,64
2024-01-06,Roysambu,Saturday,Sunny,0,151
2024-01-06,Kasarani,Saturday,Sunny,0,99
2024-01-06,Westlands,Saturday,Sunny,0,112
2024-01-06,Kibera,Saturday,Rainy,0,68
2024-01-06,Kilimani,Saturday,Sunny,0,104
2024-01-07,Roysambu,Sunday,Sunny,0,160
2024-01-07,Kasarani,Sunday,Rainy,0,101
2024-01-07,Westlands,Sunday,Sunny,0,103
2024-01-07,Kibera,Sunday,Sunny,1,159
2024-01-07,Kilimani,Sunday,Cloudy,0,75
2024-01-08,Roysambu,Monday,Sunny,0,70
2024-01-08,Kasarani,Monday,Sunny,0,103
2024-01-08,Westlands,Monday,Sunny,0,62
2024-01-08,Kibera,Monday,Sunny,0,77
2024-01-08,Kilimani,Monday,Cloudy,0,82
2024-01-09,Roysambu,Tuesday,Sunny,0,92
2024-01-09,Kasarani,Tuesday,Cloudy,0,81
2024-01-09,Westlands,Tuesday,Sunny,0,81
2024-01-09,Kibera,Tuesday,Sunny,0,71
2024-01-09,Kilimani,Tuesday,Sunny,0,85
2024-01-10,Roysambu,Wednesday,Sunny,0,115
2024-01-10,Kasarani,Wednesday,Sunny,0,89
2024-01-10,Westlands,Wednesday,Sunny,0,49
2024-01-10,Kibera,Wednesday,Sunny,0,91
2024-01-10,Kilimani,Wednesday,Sunny,0,52
2024-01-11,Roysambu,Thursday,Sunny,0,99
2024-01-11,Kasarani,Thursday,Cloudy,0,102
2024-01-11,Westlands,Thursday,Cloudy,0,66
2024-01-11,Kibera,Thursday,Sunny,1,124
2024-01-11,Kilimani,Thursday,Sunny,0,80
2024-01-12,Roysambu,Friday,Sunny,0,84
2024-01-12,Kasarani,Friday,Sunny,0,93
2024-01-12,Westlands,Friday,Rainy,0,36
2024-01-12,Kibera,Friday,Cloudy,0,59
2024-01-12,Kilimani,Friday,Sunny,0,88
2024-01-13,Roysambu,Saturday,Cloudy,0,165
2024-01-13,Kasarani,Saturday,Sunny,0,132
2024-01-13,Westlands,Saturday,Rainy,0,58
2024-01-13,Kibera,Saturday,Sunny,0,127
2024-01-13,Kilimani,Saturday,Sunny,0,82
2024-01-14,Roysambu,Sunday,Cloudy,0,91
2024-01-14,Kasarani,Sunday,Cloudy,0,110
2024-01-14,Westlands,Sunday,Sunny,0,132
2024-01-14,Kibera,Sunday,Sunny,0,76
2024-01-14,Kilimani,Sunday,Sunny,0,102
2024-01-15,Roysambu,Monday,Sunny,0,99
2024-01-15,Kasarani,Monday,Cloudy,0,101
2024-01-15,Westlands,Monday,Sunny,0,75
2024-01-15,Kibera,Monday,Rainy,0,51
2024-01-15,Kilimani,Monday,Cloudy,1,145
2024-01-16,Roysambu,Tuesday,Sunny,0,87
2024-01-16,Kasarani,Tuesday,Sunny,0,95
2024-01-16,Westlands,Tuesday,Sunny,0,74
2024-01-16,Kibera,Tuesday,Sunny,0,92
2024-01-16,Kilimani,Tuesday,Sunny,0,87
2024-01-17,Roysambu,Wednesday,Sunny,0,80
2024-01-17,Kasarani,Wednesday,Sunny,0,84
2024-01-17,Westlands,Wednesday,Sunny,0,50
2024-01-17,Kibera,Wednesday,Sunny,0,52
2024-01-17,Kilimani,Wednesday,Cloudy,0,68
2024-01-18,Roysambu,Thursday,Sunny,0,73
2024-01-18,Kasarani,Thursday,Sunny,0,71
2024-01-18,Westlands,Thursday,Cloudy,0,88
2024-01-18,Kibera,Thursday,Cloudy,0,57
2024-01-18,Kilimani,Thursday,Cloudy,0,78
2024-01-19,Roysambu,Friday,Cloudy,0,118
2024-01-19,Kasarani,Friday,Sunny,0,69
2024-01-19,Westlands,Friday,Sunny,0,77
2024-01-19,Kibera,Friday,Cloudy,0,68
2024-01-19,Kilimani,Friday,Sunny,0,91
2024-01-20,Roysambu,Saturday,Cloudy,0,165
2024-01-20,Kasarani,Saturday,Sunny,0,140
2024-01-20,Westlands,Saturday,Cloudy,0,67
2024-01-20,Kibera,Saturday,Rainy,0,65
2024-01-20,Kilimani,Saturday,Sunny,0,116
2024-01-21,Roysambu,Sunday,Cloudy,0,140
2024-01-21,Kasarani,Sunday,Rainy,0,63
2024-01-21,Westlands,Sunday,Sunny,0,121
2024-01-21,Kibera,Sunday,Sunny,0,85
2024-01-21,Kilimani,Sunday,Sunny,0,99
2024-01-22,Roysambu,Monday,Sunny,0,94
2024-01-22,Kasarani,Monday,Cloudy,0,77
2024-01-22,Westlands,Monday,Sunny,0,62
2024-01-22,Kibera,Monday,Sunny,1,108
2024-01-22,Kilimani,Monday,Cloudy,0,48
2024-01-23,Roysambu,Tuesday,Sunny,0,67
2024-01-23,Kasarani,Tuesday,Sunny,0,62
2024-01-23,Westlands,Tuesday,Rainy,0,61
2024-01-23,Kibera,Tuesday,Sunny,0,86
2024-01-23,Kilimani,Tuesday,Sunny,0,60
2024-01-24,Roysambu,Wednesday,Sunny,0,61
2024-01-24,Kasarani,Wednesday,Cloudy,0,99
2024-01-24,Westlands,Wednesday,Sunny,0,71
2024-01-24,Kibera,Wednesday,Cloudy,0,66
2024-01-24,Kilimani,Wednesday,Sunny,0,90
2024-01-25,Roysambu,Thursday,Sunny,0,92
2024-01-25,Kasarani,Thursday,Cloudy,0,64
2024-01-25,Westlands,Thursday,Rainy,0,53
2024-01-25,Kibera,Thursday,Cloudy,0,62
2024-01-25,Kilimani,Thursday,Sunny,0,76
2024-01-26,Roysambu,Friday,Sunny,0,84
2024-01-26,Kasarani,Friday,Rainy,0,56
2024-01-26,Westlands,Friday,Sunny,0,47
2024-01-26,Kibera,Friday,Sunny,0,55
2024-01-26,Kilimani,Friday,Cloudy,0,54
2024-01-27,Roysambu,Saturday,Sunny,0,165
2024-01-27,Kasarani,Saturday,Cloudy,0,84
2024-01-27,Westlands,Saturday,Rainy,0,82
2024-01-27,Kibera,Saturday,Cloudy,0,139
2024-01-27,Kilimani,Saturday,Sunny,0,96
2024-01-28,Roysambu,Sunday,Sunny,0,117
2024-01-28,Kasarani,Sunday,Cloudy,0,84
2024-01-28,Westlands,Sunday,Sunny,0,118
2024-01-28,Kibera,Sunday,Sunny,0,87
2024-01-28,Kilimani,Sunday,Cloudy,0,79
2024-01-29,Roysambu,Monday,Sunny,0,99
2024-01-29,Kasarani,Monday,Rainy,0,59
2024-01-29,Westlands,Monday,Sunny,0,72
2024-01-29,Kibera,Monday,Sunny,0,52
2024-01-29,Kilimani,Monday,Sunny,0,76
2024-01-30,Roysambu,Tuesday,Sunny,0,108
2024-01-30,Kasarani,Tuesday,Sunny,0,56
2024-01-30,Westlands,Tuesday,Sunny,0,88
2024-01-30,Kibera,Tuesday,Sunny,1,117
2024-01-30,Kilimani,Tuesday,Cloudy,0,88
2024-01-31,Roysambu,Wednesday,Sunny,0,79
2024-01-31,Kasarani,Wednesday,Cloudy,0,86
2024-01-31,Westlands,Wednesday,Sunny,0,49
2024-01-31,Kibera,Wednesday,Sunny,0,63
2024-01-31,Kilimani,Wednesday,Sunny,0,88
2024-02-01,Roysambu,Thursday,Sunny,0,87
2024-02-01,Kasarani,Thursday,Rainy,0,46
2024-02-01,Westlands,Thursday,Sunny,0,62
2024-02-01,Kibera,Thursday,Sunny,0,88
2024-02-01,Kilimani,Thursday,Sunny,0,55
2024-02-02,Roysambu,Friday,Sunny,0,64
2024-02-02,Kasarani,Friday,Sunny,0,93
2024-02-02,Westlands,Friday,Sunny,0,48
2024-02-02,Kibera,Friday,Cloudy,0,76
2024-02-02,Kilimani,Friday,Cloudy,1,152
2024-02-03,Roysambu,Saturday,Sunny,0,102
2024-02-03,Kasarani,Saturday,Sunny,0,117
2024-02-03,Westlands,Saturday,Rainy,0,56
2024-02-03,Kibera,Saturday,Sunny,0,145
2024-02-03,Kilimani,Saturday,Cloudy,0,136
2024-02-04,Roysambu,Sunday,Sunny,0,162
2024-02-04,Kasarani,Sunday,Sunny,0,92
2024-02-04,Westlands,Sunday,Cloudy,0,94
2024-02-04,Kibera,Sunday,Sunny,0,87
2024-02-04,Kilimani,Sunday,Cloudy,0,114
2024-02-05,Roysambu,Monday,Sunny,0,106
2024-02-05,Kasarani,Monday,Cloudy,0,100
2024-02-05,Westlands,Monday,Sunny,0,85
2024-02-05,Kibera,Monday,Sunny,0,70
2024-02-05,Kilimani,Monday,Sunny,0,66
2024-02-06,Roysambu,Tuesday,Sunny,0,79
2024-02-06,Kasarani,Tuesday,Cloudy,0,89
2024-02-06,Westlands,Tuesday,Sunny,0,63
2024-02-06,Kibera,Tuesday,Rainy,0,50
2024-02-06,Kilimani,Tuesday,Sunny,0,63
2024-02-07,Roysambu,Wednesday,Sunny,0,97
2024-02-07,Kasarani,Wednesday,Rainy,0,57
2024-02-07,Westlands,Wednesday,Sunny,0,65
2024-02-07,Kibera,Wednesday,Rainy,0,38
2024-02-07,Kilimani,Wednesday,Sunny,0,75
2024-02-08,Roysambu,Thursday,Sunny,0,64
2024-02-08,Kasarani,Thursday,Sunny,0,106
2024-02-08,Westlands,Thursday,Cloudy,0,81
2024-02-08,Kibera,Thursday,Rainy,0,38
2024-02-08,Kilimani,Thursday,Sunny,0,59
2024-02-09,Roysambu,Friday,Cloudy,0,116
2024-02-09,Kasarani,Friday,Cloudy,0,99
2024-02-09,Westlands,Friday,Sunny,0,46
2024-02-09,Kibera,Friday,Cloudy,0,56
2024-02-09,Kilimani,Friday,Rainy,0,60
2024-02-10,Roysambu,Saturday,Sunny,0,142
2024-02-10,Kasarani,Saturday,Sunny,0,133
2024-02-10,Westlands,Saturday,Sunny,0,105
2024-02-10,Kibera,Saturday,Sunny,0,117
2024-02-10,Kilimani,Saturday,Cloudy,0,86
2024-02-11,Roysambu,Sunday,Sunny,0,147
2024-02-11,Kasarani,Sunday,Sunny,0,153
2024-02-11,Westlands,Sunday,Sunny,0,67
2024-02-11,Kibera,Sunday,Rainy,0,60
2024-02-11,Kilimani,Sunday,Sunny,0,109
2024-02-12,Roysambu,Monday,Sunny,0,62
2024-02-12,Kasarani,Monday,Cloudy,0,107
2024-02-12,Westlands,Monday,Cloudy,0,52
2024-02-12,Kibera,Monday,Sunny,0,53
2024-02-12,Kilimani,Monday,Rainy,0,44
2024-02-13,Roysambu,Tuesday,Cloudy,0,117
2024-02-13,Kasarani,Tuesday,Sunny,0,96
2024-02-13,Westlands,Tuesday,Rainy,0,34
2024-02-13,Kibera,Tuesday,Sunny,0,61
2024-02-13,Kilimani,Tuesday,Rainy,0,37
2024-02-14,Roysambu,Wednesday,Sunny,0,87
2024-02-14,Kasarani,Wednesday,Sunny,0,93
2024-02-14,Westlands,Wednesday,Sunny,0,57
2024-02-14,Kibera,Wednesday,Sunny,0,79
2024-02-14,Kilimani,Wednesday,Sunny,0,54
2024-02-15,Roysambu,Thursday,Sunny,0,109
2024-02-15,Kasarani,Thursday,Sunny,0,75
2024-02-15,Westlands,Thursday,Cloudy,0,45
2024-02-15,Kibera,Thursday,Sunny,0,91
2024-02-15,Kilimani,Thursday,Cloudy,0,61
2024-02-16,Roysambu,Friday,Cloudy,0,76
2024-02-16,Kasarani,Friday,Cloudy,0,91
2024-02-16,Westlands,Friday,Cloudy,0,68
2024-02-16,Kibera,Friday,Sunny,0,83
2024-02-16,Kilimani,Friday,Sunny,0,80
2024-02-17,Roysambu,Saturday,Cloudy,0,131
2024-02-17,Kasarani,Saturday,Cloudy,1,201
2024-02-17,Westlands,Saturday,Sunny,0,86
2024-02-17,Kibera,Saturday,Sunny,0,135
2024-02-17,Kilimani,Saturday,Rainy,0,96
2024-02-18,Roysambu,Sunday,Sunny,0,174
2024-02-18,Kasarani,Sunday,Sunny,0,90
2024-02-18,Westlands,Sunday,Cloudy,0,99
2024-02-18,Kibera,Sunday,Cloudy,0,90
2024-02-18,Kilimani,Sunday,Sunny,0,79
2024-02-19,Roysambu,Monday,Sunny,0,69
2024-02-19,Kasarani,Monday,Sunny,0,93
2024-02-19,Westlands,Monday,Cloudy,0,75
2024-02-19,Kibera,Monday,Sunny,0,51
2024-02-19,Kilimani,Monday,Sunny,0,83
2024-02-20,Roysambu,Tuesday,Cloudy,0,67
2024-02-20,Kasarani,Tuesday,Sunny,0,97
2024-02-20,Westlands,Tuesday,Sunny,0,72
2024-02-20,Kibera,Tuesday,Sunny,0,88
2024-02-20,Kilimani,Tuesday,Cloudy,0,63
2024-02-21,Roysambu,Wednesday,Cloudy,0,74
2024-02-21,Kasarani,Wednesday,Cloudy,0,75
2024-02-21,Westlands,Wednesday,Sunny,0,69
2024-02-21,Kibera,Wednesday,Sunny,0,52
2024-02-21,Kilimani,Wednesday,Cloudy,0,50
2024-02-22,Roysambu,Thursday,Cloudy,0,74
2024-02-22,Kasarani,Thursday,Sunny,0,95
2024-02-22,Westlands,Thursday,Sunny,0,79
2024-02-22,Kibera,Thursday,Sunny,0,81
2024-02-22,Kilimani,Thursday,Sunny,0,63
2024-02-23,Roysambu,Friday,Sunny,0,63
2024-02-23,Kasarani,Friday,Sunny,0,61
2024-02-23,Westlands,Friday,Sunny,0,72
2024-02-23,Kibera,Friday,Sunny,0,62
2024-02-23,Kilimani,Friday,Cloudy,0,52
2024-02-24,Roysambu,Saturday,Cloudy,0,163
2024-02-24,Kasarani,Saturday,Cloudy,0,130
2024-02-24,Westlands,Saturday,Sunny,0,94
2024-02-24,Kibera,Saturday,Sunny,0,148
2024-02-24,Kilimani,Saturday,Rainy,0,66
2024-02-25,Roysambu,Sunday,Cloudy,0,126
2024-02-25,Kasarani,Sunday,Sunny,0,118
2024-02-25,Westlands,Sunday,Sunny,0,75
2024-02-25,Kibera,Sunday,Cloudy,1,216
2024-02-25,Kilimani,Sunday,Sunny,0,81
2024-02-26,Roysambu,Monday,Sunny,0,79
2024-02-26,Kasarani,Monday,Sunny,0,68
2024-02-26,Westlands,Monday,Sunny,0,80
2024-02-26,Kibera,Monday,Sunny,0,93
2024-02-26,Kilimani,Monday,Sunny,0,94
2024-02-27,Roysambu,Tuesday,Sunny,0,93
2024-02-27,Kasarani,Tuesday,Rainy,0,53
2024-02-27,Westlands,Tuesday,Sunny,0,52
2024-02-27,Kibera,Tuesday,Cloudy,0,83
2024-02-27,Kilimani,Tuesday,Cloudy,0,65
2024-02-28,Roysambu,Wednesday,Sunny,0,66
2024-02-28,Kasarani,Wednesday,Sunny,0,79
2024-02-28,Westlands,Wednesday,Cloudy,0,71
2024-02-28,Kibera,Wednesday,Sunny,0,51
2024-02-28,Kilimani,Wednesday,Cloudy,0,50
2024-02-29,Roysambu,Thursday,Cloudy,0,70
2024-02-29,Kasarani,Thursday,Cloudy,0,55
2024-02-29,Westlands,Thursday,Sunny,0,88
2024-02-29,Kibera,Thursday,Sunny,0,60
2024-02-29,Kilimani,Thursday,Sunny,0,81
2024-03-01,Roysambu,Friday,Cloudy,0,103
2024-03-01,Kasarani,Friday,Cloudy,0,59
2024-03-01,Westlands,Friday,Cloudy,0,54
2024-03-01,Kibera,Friday,Sunny,0,66
2024-03-01,Kilimani,Friday,Cloudy,0,86
2024-03-02,Roysambu,Saturday,Sunny,0,153
2024-03-02,Kasarani,Saturday,Sunny,0,141
2024-03-02,Westlands,Saturday,Cloudy,0,79
2024-03-02,Kibera,Saturday,Sunny,0,147
2024-03-02,Kilimani,Saturday,Sunny,0,141
2024-03-03,Roysambu,Sunday,Sunny,1,246
2024-03-03,Kasarani,Sunday,Cloudy,0,84
2024-03-03,Westlands,Sunday,Cloudy,0,101
2024-03-03,Kibera,Sunday,Sunny,0,108
2024-03-03,Kilimani,Sunday,Cloudy,0,116
2024-03-04,Roysambu,Monday,Sunny,0,88
2024-03-04,Kasarani,Monday,Cloudy,0,70
2024-03-04,Westlands,Monday,Sunny,0,64
2024-03-04,Kibera,Monday,Sunny,0,74
2024-03-04,Kilimani,Monday,Sunny,0,63
2024-03-05,Roysambu,Tuesday,Sunny,0,100
2024-03-05,Kasarani,Tuesday,Sunny,0,102
2024-03-05,Westlands,Tuesday,Sunny,0,82
2024-03-05,Kibera,Tuesday,Sunny,0,62
2024-03-05,Kilimani,Tuesday,Sunny,0,79
2024-03-06,Roysambu,Wednesday,Cloudy,0,61
2024-03-06,Kasarani,Wednesday,Sunny,0,57
2024-03-06,Westlands,Wednesday,Sunny,0,56
2024-03-06,Kibera,Wednesday,Sunny,1,133
2024-03-06,Kilimani,Wednesday,Cloudy,0,86
2024-03-07,Roysambu,Thursday,Sunny,0,78
2024-03-07,Kasarani,Thursday,Rainy,0,38
2024-03-07,Westlands,Thursday,Sunny,0,71
2024-03-07,Kibera,Thursday,Sunny,0,98
2024-03-07,Kilimani,Thursday,Rainy,0,51
2024-03-08,Roysambu,Friday,Cloudy,0,112
2024-03-08,Kasarani,Friday,Sunny,0,64
2024-03-08,Westlands,Friday,Sunny,0,48
2024-03-08,Kibera,Friday,Sunny,0,86
2024-03-08,Kilimani,Friday,Sunny,0,86
2024-03-09,Roysambu,Saturday,Sunny,0,90
2024-03-09,Kasarani,Saturday,Sunny,0,135
2024-03-09,Westlands,Saturday,Cloudy,0,86
2024-03-09,Kibera,Saturday,Rainy,0,88
2024-03-09,Kilimani,Saturday,Sunny,0,85
2024-03-10,Roysambu,Sunday,Sunny,0,162
2024-03-10,Kasarani,Sunday,Cloudy,0,120
2024-03-10,Westlands,Sunday,Rainy,0,64
2024-03-10,Kibera,Sunday,Rainy,0,98
2024-03-10,Kilimani,Sunday,Cloudy,1,159
2024-03-11,Roysambu,Monday,Sunny,0,63
2024-03-11,Kasarani,Monday,Sunny,0,70
2024-03-11,Westlands,Monday,Sunny,0,64
2024-03-11,Kibera,Monday,Cloudy,0,54
2024-03-11,Kilimani,Monday,Sunny,1,95
2024-03-12,Roysambu,Tuesday,Sunny,0,62
2024-03-12,Kasarani,Tuesday,Sunny,0,59
2024-03-12,Westlands,Tuesday,Sunny,0,62
2024-03-12,Kibera,Tuesday,Sunny,0,92
2024-03-12,Kilimani,Tuesday,Sunny,0,62
2024-03-13,Roysambu,Wednesday,Cloudy,0,73
2024-03-13,Kasarani,Wednesday,Sunny,0,67
2024-03-13,Westlands,Wednesday,Sunny,0,72
2024-03-13,Kibera,Wednesday,Sunny,0,57
2024-03-13,Kilimani,Wednesday,Cloudy,0,58
2024-03-14,Roysambu,Thursday,Cloudy,0,60
2024-03-14,Kasarani,Thursday,Sunny,0,58
2024-03-14,Westlands,Thursday,Cloudy,0,59
2024-03-14,Kibera,Thursday,Cloudy,1,147
2024-03-14,Kilimani,Thursday,Sunny,0,61
2024-03-15,Roysambu,Friday,Sunny,0,110
2024-03-15,Kasarani,Friday,Sunny,0,83
2024-03-15,Westlands,Friday,Sunny,0,53
2024-03-15,Kibera,Friday,Sunny,0,91
2024-03-15,Kilimani,Friday,Rainy,0,43
2024-03-16,Roysambu,Saturday,Cloudy,0,171
2024-03-16,Kasarani,Saturday,Sunny,1,267
2024-03-16,Westlands,Saturday,Sunny,0,128
2024-03-16,Kibera,Saturday,Sunny,0,96
2024-03-16,Kilimani,Saturday,Sunny,0,118
2024-03-17,Roysambu,Sunday,Sunny,0,102
2024-03-17,Kasarani,Sunday,Sunny,0,84
2024-03-17,Westlands,Sunday,Sunny,0,68
2024-03-17,Kibera,Sunday,Sunny,0,114
2024-03-17,Kilimani,Sunday,Sunny,0,95
2024-03-18,Roysambu,Monday,Sunny,0,64
2024-03-18,Kasarani,Monday,Cloudy,0,74
2024-03-18,Westlands,Monday,Cloudy,0,83
2024-03-18,Kibera,Monday,Sunny,0,79
2024-03-18,Kilimani,Monday,Sunny,0,78
2024-03-19,Roysambu,Tuesday,Cloudy,0,115
2024-03-19,Kasarani,Tuesday,Sunny,0,107
2024-03-19,Westlands,Tuesday,Sunny,0,68
2024-03-19,Kibera,Tuesday,Cloudy,0,97
2024-03-19,Kilimani,Tuesday,Cloudy,0,78
2024-03-20,Roysambu,Wednesday,Sunny,0,91
2024-03-20,Kasarani,Wednesday,Sunny,0,107
2024-03-20,Westlands,Wednesday,Sunny,0,67
2024-03-20,Kibera,Wednesday,Cloudy,0,50
2024-03-20,Kilimani,Wednesday,Sunny,0,48
2024-03-21,Roysambu,Thursday,Sunny,0,92
2024-03-21,Kasarani,Thursday,Sunny,0,59
2024-03-21,Westlands,Thursday,Sunny,0,46
2024-03-21,Kibera,Thursday,Sunny,0,66
2024-03-21,Kilimani,Thursday,Sunny,0,75
2024-03-22,Roysambu,Friday,Cloudy,0,87
2024-03-22,Kasarani,Friday,Sunny,0,81
2024-03-22,Westlands,Friday,Sunny,0,77
2024-03-22,Kibera,Friday,Cloudy,0,51
2024-03-22,Kilimani,Friday,Cloudy,0,50
2024-03-23,Roysambu,Saturday,Sunny,0,100
2024-03-23,Kasarani,Saturday,Cloudy,0,143
2024-03-23,Westlands,Saturday,Cloudy,0,126
2024-03-23,Kibera,Saturday,Sunny,0,106
2024-03-23,Kilimani,Saturday,Cloudy,0,128
2024-03-24,Roysambu,Sunday,Rainy,0,73
2024-03-24,Kasarani,Sunday,Sunny,0,113
2024-03-24,Westlands,Sunday,Sunny,0,82
2024-03-24,Kibera,Sunday,Cloudy,0,99
2024-03-24,Kilimani,Sunday,Cloudy,0,85
2024-03-25,Roysambu,Monday,Cloudy,0,118
2024-03-25,Kasarani,Monday,Sunny,0,108
2024-03-25,Westlands,Monday,Sunny,0,69
2024-03-25,Kibera,Monday,Sunny,0,54
2024-03-25,Kilimani,Monday,Sunny,0,83
2024-03-26,Roysambu,Tuesday,Sunny,0,111
2024-03-26,Kasarani,Tuesday,Sunny,0,104
2024-03-26,Westlands,Tuesday,Sunny,0,66
2024-03-26,Kibera,Tuesday,Sunny,1,167
2024-03-26,Kilimani,Tuesday,Cloudy,0,62
2024-03-27,Roysambu,Wednesday,Sunny,0,79
2024-03-27,Kasarani,Wednesday,Cloudy,0,107
2024-03-27,Westlands,Wednesday,Sunny,1,134
2024-03-27,Kibera,Wednesday,Sunny,0,92
2024-03-27,Kilimani,Wednesday,Cloudy,0,72
2024-03-28,Roysambu,Thursday,Sunny,0,93
2024-03-28,Kasarani,Thursday,Rainy,1,108
2024-03-28,Westlands,Thursday,Cloudy,0,80
2024-03-28,Kibera,Thursday,Sunny,0,87
2024-03-28,Kilimani,Thursday,Rainy,1,89
2024-03-29,Roysambu,Friday,Sunny,0,70
2024-03-29,Kasarani,Friday,Sunny,0,61
2024-03-29,Westlands,Friday,Sunny,0,55
2024-03-29,Kibera,Friday,Rainy,0,53
2024-03-29,Kilimani,Friday,Cloudy,0,52
2024-03-30,Roysambu,Saturday,Sunny,0,171
2024-03-30,Kasarani,Saturday,Cloudy,0,161
2024-03-30,Westlands,Saturday,Sunny,0,97
2024-03-30,Kibera,Saturday,Cloudy,0,147
2024-03-30,Kilimani,Saturday,Sunny,0,116
2024-03-31,Roysambu,Sunday,Sunny,0,144
2024-03-31,Kasarani,Sunday,Rainy,0,63
2024-03-31,Westlands,Sunday,Sunny,0,101
2024-03-31,Kibera,Sunday,Cloudy,0,90
2024-03-31,Kilimani,Sunday,Cloudy,0,82
2024-04-01,Roysambu,Monday,Sunny,0,73
2024-04-01,Kasarani,Monday,Sunny,0,93
2024-04-01,Westlands,Monday,Cloudy,0,68
2024-04-01,Kibera,Monday,Sunny,0,94
2024-04-01,Kilimani,Monday,Cloudy,0,49
2024-04-02,Roysambu,Tuesday,Sunny,0,104
2024-04-02,Kasarani,Tuesday,Sunny,0,89
2024-04-02,Westlands,Tuesday,Cloudy,0,45
2024-04-02,Kibera,Tuesday,Cloudy,0,74
2024-04-02,Kilimani,Tuesday,Sunny,1,95
2024-04-03,Roysambu,Wednesday,Cloudy,0,76
2024-04-03,Kasarani,Wednesday,Cloudy,0,85
2024-04-03,Westlands,Wednesday,Cloudy,0,66
2024-04-03,Kibera,Wednesday,Cloudy,0,63
2024-04-03,Kilimani,Wednesday,Rainy,0,59
2024-04-04,Roysambu,Thursday,Sunny,0,82
2024-04-04,Kasarani,Thursday,Cloudy,0,88
2024-04-04,Westlands,Thursday,Rainy,0,38
2024-04-04,Kibera,Thursday,Sunny,0,51
2024-04-04,Kilimani,Thursday,Cloudy,0,76
2024-04-05,Roysambu,Friday,Cloudy,0,80
2024-04-05,Kasarani,Friday,Rainy,0,61
2024-04-05,Westlands,Friday,Cloudy,0,60
2024-04-05,Kibera,Friday,Sunny,0,56
2024-04-05,Kilimani,Friday,Sunny,0,53
2024-04-06,Roysambu,Saturday,Sunny,0,97
2024-04-06,Kasarani,Saturday,Sunny,0,155
2024-04-06,Westlands,Saturday,Sunny,0,99
2024-04-06,Kibera,Saturday,Sunny,0,142
2024-04-06,Kilimani,Saturday,Rainy,0,56
2024-04-07,Roysambu,Sunday,Rainy,0,71
2024-04-07,Kasarani,Sunday,Rainy,0,108
2024-04-07,Westlands,Sunday,Cloudy,0,95
2024-04-07,Kibera,Sunday,Sunny,0,120
2024-04-07,Kilimani,Sunday,Sunny,0,79
2024-04-08,Roysambu,Monday,Sunny,0,105
2024-04-08,Kasarani,Monday,Sunny,0,84
2024-04-08,Westlands,Monday,Sunny,0,61
2024-04-08,Kibera,Monday,Sunny,0,58
2024-04-08,Kilimani,Monday,Cloudy,0,57
2024-04-09,Roysambu,Tuesday,Sunny,0,104
2024-04-09,Kasarani,Tuesday,Sunny,0,73
2024-04-09,Westlands,Tuesday,Sunny,0,72
2024-04-09,Kibera,Tuesday,Sunny,0,71
2024-04-09,Kilimani,Tuesday,Cloudy,0,76
2024-04-10,Roysambu,Wednesday,Sunny,0,67
2024-04-10,Kasarani,Wednesday,Rainy,0,70
2024-04-10,Westlands,Wednesday,Cloudy,0,76
2024-04-10,Kibera,Wednesday,Sunny,0,99
2024-04-10,Kilimani,Wednesday,Rainy,0,60
2024-04-11,Roysambu,Thursday,Sunny,0,75
2024-04-11,Kasarani,Thursday,Sunny,0,81
2024-04-11,Westlands,Thursday,Rainy,0,52
2024-04-11,Kibera,Thursday,Cloudy,0,66
2024-04-11,Kilimani,Thursday,Cloudy,0,86
2024-04-12,Roysambu,Friday,Sunny,0,91
2024-04-12,Kasarani,Friday,Sunny,0,62
2024-04-12,Westlands,Friday,Cloudy,0,53
2024-04-12,Kibera,Friday,Sunny,0,85
2024-04-12,Kilimani,Friday,Sunny,0,76
2024-04-13,Roysambu,Saturday,Sunny,0,160
2024-04-13,Kasarani,Saturday,Cloudy,0,117
2024-04-13,Westlands,Saturday,Sunny,0,67
2024-04-13,Kibera,Saturday,Cloudy,0,87
2024-04-13,Kilimani,Saturday,Cloudy,0,108
2024-04-14,Roysambu,Sunday,Cloudy,0,115
2024-04-14,Kasarani,Sunday,Sunny,0,92
2024-04-14,Westlands,Sunday,Sunny,0,129
2024-04-14,Kibera,Sunday,Sunny,0,147
2024-04-14,Kilimani,Sunday,Cloudy,0,102
2024-04-15,Roysambu,Monday,Cloudy,1,162
2024-04-15,Kasarani,Monday,Sunny,0,86
2024-04-15,Westlands,Monday,Cloudy,0,77
2024-04-15,Kibera,Monday,Sunny,0,50
2024-04-15,Kilimani,Monday,Sunny,0,69
2024-04-16,Roysambu,Tuesday,Cloudy,0,64
2024-04-16,Kasarani,Tuesday,Sunny,0,108
2024-04-16,Westlands,Tuesday,Sunny,0,60
2024-04-16,Kibera,Tuesday,Sunny,0,78
2024-04-16,Kilimani,Tuesday,Sunny,0,60
2024-04-17,Roysambu,Wednesday,Cloudy,0,111
2024-04-17,Kasarani,Wednesday,Sunny,0,80
2024-04-17,Westlands,Wednesday,Sunny,0,71
2024-04-17,Kibera,Wednesday,Sunny,0,60
2024-04-17,Kilimani,Wednesday,Rainy,0,36
2024-04-18,Roysambu,Thursday,Cloudy,0,108
2024-04-18,Kasarani,Thursday,Sunny,0,61
2024-04-18,Westlands,Thursday,Cloudy,0,66
2024-04-18,Kibera,Thursday,Cloudy,0,95
2024-04-18,Kilimani,Thursday,Cloudy,0,76
2024-04-19,Roysambu,Friday,Sunny,0,62
2024-04-19,Kasarani,Friday,Sunny,0,68
2024-04-19,Westlands,Friday,Cloudy,0,46
2024-04-19,Kibera,Friday,Cloudy,0,71
2024-04-19,Kilimani,Friday,Cloudy,0,62
2024-04-20,Roysambu,Saturday,Sunny,0,100
2024-04-20,Kasarani,Saturday,Cloudy,0,163
2024-04-20,Westlands,Saturday,Sunny,0,133
2024-04-20,Kibera,Saturday,Rainy,1,166
2024-04-20,Kilimani,Saturday,Cloudy,0,82
2024-04-21,Roysambu,Sunday,Rainy,0,100
2024-04-21,Kasarani,Sunday,Sunny,0,138
2024-04-21,Westlands,Sunday,Sunny,0,125
2024-04-21,Kibera,Sunday,Sunny,0,148
2024-04-21,Kilimani,Sunday,Sunny,0,101
2024-04-22,Roysambu,Monday,Cloudy,0,69
2024-04-22,Kasarani,Monday,Sunny,0,74
2024-04-22,Westlands,Monday,Sunny,0,65
2024-04-22,Kibera,Monday,Cloudy,0,97
2024-04-22,Kilimani,Monday,Sunny,0,85
2024-04-23,Roysambu,Tuesday,Sunny,0,92
2024-04-23,Kasarani,Tuesday,Cloudy,0,64
2024-04-23,Westlands,Tuesday,Sunny,0,79
2024-04-23,Kibera,Tuesday,Rainy,0,40
2024-04-23,Kilimani,Tuesday,Cloudy,0,87
2024-04-24,Roysambu,Wednesday,Cloudy,0,106
2024-04-24,Kasarani,Wednesday,Cloudy,0,68
2024-04-24,Westlands,Wednesday,Sunny,0,85
2024-04-24,Kibera,Wednesday,Cloudy,0,94
2024-04-24,Kilimani,Wednesday,Sunny,0,55
2024-04-25,Roysambu,Thursday,Rainy,1,119
2024-04-25,Kasarani,Thursday,Cloudy,0,69
2024-04-25,Westlands,Thursday,Cloudy,0,72
2024-04-25,Kibera,Thursday,Sunny,0,57
2024-04-25,Kilimani,Thursday,Sunny,0,54
2024-04-26,Roysambu,Friday,Sunny,0,111
2024-04-26,Kasarani,Friday,Sunny,1,120
2024-04-26,Westlands,Friday,Sunny,0,83
2024-04-26,Kibera,Friday,Rainy,0,40
2024-04-26,Kilimani,Friday,Cloudy,0,66
2024-04-27,Roysambu,Saturday,Sunny,0,91
2024-04-27,Kasarani,Saturday,Rainy,0,62
2024-04-27,Westlands,Saturday,Sunny,0,120
2024-04-27,Kibera,Saturday,Sunny,0,141
2024-04-27,Kilimani,Saturday,Sunny,0,92
2024-04-28,Roysambu,Sunday,Cloudy,0,133
2024-04-28,Kasarani,Sunday,Sunny,0,90
2024-04-28,Westlands,Sunday,Sunny,0,126
2024-04-28,Kibera,Sunday,Sunny,0,133
2024-04-28,Kilimani,Sunday,Rainy,0,93
2024-04-29,Roysambu,Monday,Sunny,0,90
2024-04-29,Kasarani,Monday,Cloudy,0,108
2024-04-29,Westlands,Monday,Sunny,0,82
2024-04-29,Kibera,Monday,Sunny,0,86
2024-04-29,Kilimani,Monday,Sunny,0,81
2024-04-30,Roysambu,Tuesday,Cloudy,0,111
2024-04-30,Kasarani,Tuesday,Cloudy,0,62
2024-04-30,Westlands,Tuesday,Sunny,0,76
2024-04-30,Kibera,Tuesday,Sunny,0,51
2024-04-30,Kilimani,Tuesday,Rainy,0,56
2024-05-01,Roysambu,Wednesday,Sunny,0,84
2024-05-01,Kasarani,Wednesday,Sunny,0,106
2024-05-01,Westlands,Wednesday,Cloudy,1,115
2024-05-01,Kibera,Wednesday,Sunny,0,70
2024-05-01,Kilimani,Wednesday,Cloudy,0,58
2024-05-02,Roysambu,Thursday,Rainy,0,78
2024-05-02,Kasarani,Thursday,Sunny,0,90
2024-05-02,Westlands,Thursday,Sunny,0,55
2024-05-02,Kibera,Thursday,Sunny,0,96
2024-05-02,Kilimani,Thursday,Sunny,0,86
2024-05-03,Roysambu,Friday,Sunny,0,72
2024-05-03,Kasarani,Friday,Rainy,0,63
2024-05-03,Westlands,Friday,Cloudy,0,65
2024-05-03,Kibera,Friday,Sunny,0,96
2024-05-03,Kilimani,Friday,Sunny,0,75
2024-05-04,Roysambu,Saturday,Rainy,0,79
2024-05-04,Kasarani,Saturday,Rainy,0,103
2024-05-04,Westlands,Saturday,Rainy,0,51
2024-05-04,Kibera,Saturday,Cloudy,0,103
2024-05-04,Kilimani,Saturday,Sunny,0,121
2024-05-05,Roysambu,Sunday,Cloudy,0,178
2024-05-05,Kasarani,Sunday,Sunny,0,100
2024-05-05,Westlands,Sunday,Sunny,0,85
2024-05-05,Kibera,Sunday,Sunny,0,76
2024-05-05,Kilimani,Sunday,Cloudy,0,121
2024-05-06,Roysambu,Monday,Sunny,0,118
2024-05-06,Kasarani,Monday,Cloudy,0,105
2024-05-06,Westlands,Monday,Sunny,0,70
2024-05-06,Kibera,Monday,Cloudy,0,74
2024-05-06,Kilimani,Monday,Sunny,0,53
2024-05-07,Roysambu,Tuesday,Sunny,0,88
2024-05-07,Kasarani,Tuesday,Sunny,0,82
2024-05-07,Westlands,Tuesday,Cloudy,0,83
2024-05-07,Kibera,Tuesday,Cloudy,0,61
2024-05-07,Kilimani,Tuesday,Cloudy,0,67
2024-05-08,Roysambu,Wednesday,Sunny,0,106
2024-05-08,Kasarani,Wednesday,Sunny,0,61
2024-05-08,Westlands,Wednesday,Sunny,0,66
2024-05-08,Kibera,Wednesday,Sunny,0,67
2024-05-08,Kilimani,Wednesday,Cloudy,0,54
2024-05-09,Roysambu,Thursday,Sunny,0,106
2024-05-09,Kasarani,Thursday,Cloudy,0,106
2024-05-09,Westlands,Thursday,Cloudy,0,45
2024-05-09,Kibera,Thursday,Sunny,1,108
2024-05-09,Kilimani,Thursday,Cloudy,0,59
2024-05-10,Roysambu,Friday,Cloudy,1,172
2024-05-10,Kasarani,Friday,Cloudy,0,92
2024-05-10,Westlands,Friday,Rainy,0,51
2024-05-10,Kibera,Friday,Rainy,1,89
2024-05-10,Kilimani,Friday,Sunny,0,61
2024-05-11,Roysambu,Saturday,Cloudy,0,97
2024-05-11,Kasarani,Saturday,Sunny,0,90
2024-05-11,Westlands,Saturday,Sunny,0,120
2024-05-11,Kibera,Saturday,Cloudy,0,85
2024-05-11,Kilimani,Saturday,Cloudy,0,104
2024-05-12,Roysambu,Sunday,Sunny,0,178
2024-05-12,Kasarani,Sunday,Rainy,0,69
2024-05-12,Westlands,Sunday,Cloudy,0,120
2024-05-12,Kibera,Sunday,Sunny,1,148
2024-05-12,Kilimani,Sunday,Sunny,0,141
2024-05-13,Roysambu,Monday,Cloudy,0,80
2024-05-13,Kasarani,Monday,Sunny,0,88
2024-05-13,Westlands,Monday,Cloudy,0,68
2024-05-13,Kibera,Monday,Cloudy,0,67
2024-05-13,Kilimani,Monday,Sunny,0,88
2024-05-14,Roysambu,Tuesday,Sunny,0,99
2024-05-14,Kasarani,Tuesday,Sunny,0,66
2024-05-14,Westlands,Tuesday,Sunny,0,48
2024-05-14,Kibera,Tuesday,Sunny,0,84
2024-05-14,Kilimani,Tuesday,Cloudy,1,104
2024-05-15,Roysambu,Wednesday,Sunny,0,103
2024-05-15,Kasarani,Wednesday,Sunny,0,101
2024-05-15,Westlands,Wednesday,Sunny,0,47
2024-05-15,Kibera,Wednesday,Sunny,0,89
2024-05-15,Kilimani,Wednesday,Rainy,0,45
2024-05-16,Roysambu,Thursday,Rainy,0,80
2024-05-16,Kasarani,Thursday,Sunny,0,82
2024-05-16,Westlands,Thursday,Sunny,0,55
2024-05-16,Kibera,Thursday,Sunny,0,86
2024-05-16,Kilimani,Thursday,Cloudy,0,83
2024-05-17,Roysambu,Friday,Rainy,0,73
2024-05-17,Kasarani,Friday,Sunny,0,96
2024-05-17,Westlands,Friday,Rainy,0,37
2024-05-17,Kibera,Friday,Sunny,0,88
2024-05-17,Kilimani,Friday,Cloudy,0,51
2024-05-18,Roysambu,Saturday,Cloudy,0,127
2024-05-18,Kasarani,Saturday,Rainy,1,174
2024-05-18,Westlands,Saturday,Sunny,0,75
2024-05-18,Kibera,Saturday,Sunny,0,79
2024-05-18,Kilimani,Saturday,Sunny,1,148
2024-05-19,Roysambu,Sunday,Sunny,0,149
2024-05-19,Kasarani,Sunday,Cloudy,0,138
2024-05-19,Westlands,Sunday,Sunny,0,128
2024-05-19,Kibera,Sunday,Sunny,0,112
2024-05-19,Kilimani,Sunday,Cloudy,0,129
2024-05-20,Roysambu,Monday,Sunny,0,67
2024-05-20,Kasarani,Monday,Sunny,0,62
2024-05-20,Westlands,Monday,Cloudy,0,52
2024-05-20,Kibera,Monday,Cloudy,1,120
2024-05-20,Kilimani,Monday,Sunny,1,112
2024-05-21,Roysambu,Tuesday,Rainy,0,44
2024-05-21,Kasarani,Tuesday,Sunny,0,55
2024-05-21,Westlands,Tuesday,Sunny,0,45
2024-05-21,Kibera,Tuesday,Cloudy,0,81
2024-05-21,Kilimani,Tuesday,Sunny,0,62
2024-05-22,Roysambu,Wednesday,Sunny,0,87
2024-05-22,Kasarani,Wednesday,Cloudy,0,102
2024-05-22,Westlands,Wednesday,Cloudy,0,46
2024-05-22,Kibera,Wednesday,Cloudy,0,75
2024-05-22,Kilimani,Wednesday,Cloudy,0,56
2024-05-23,Roysambu,Thursday,Cloudy,0,92
2024-05-23,Kasarani,Thursday,Sunny,0,92
2024-05-23,Westlands,Thursday,Cloudy,0,51
2024-05-23,Kibera,Thursday,Cloudy,0,81
2024-05-23,Kilimani,Thursday,Sunny,0,93
2024-05-24,Roysambu,Friday,Sunny,0,96
2024-05-24,Kasarani,Friday,Cloudy,0,93
2024-05-24,Westlands,Friday,Sunny,0,49
2024-05-24,Kibera,Friday,Sunny,0,64
2024-05-24,Kilimani,Friday,Sunny,0,80
2024-05-25,Roysambu,Saturday,Sunny,0,167
2024-05-25,Kasarani,Saturday,Sunny,0,117
2024-05-25,Westlands,Saturday,Sunny,0,70
2024-05-25,Kibera,Saturday,Sunny,0,75
2024-05-25,Kilimani,Saturday,Sunny,0,118
2024-05-26,Roysambu,Sunday,Cloudy,0,102
2024-05-26,Kasarani,Sunday,Rainy,0,72
2024-05-26,Westlands,Sunday,Sunny,0,117
2024-05-26,Kibera,Sunday,Cloudy,0,130
2024-05-26,Kilimani,Sunday,Sunny,0,136
2024-05-27,Roysambu,Monday,Sunny,0,99
2024-05-27,Kasarani,Monday,Cloudy,0,67
2024-05-27,Westlands,Monday,Sunny,0,65
2024-05-27,Kibera,Monday,Sunny,0,71
2024-05-27,Kilimani,Monday,Cloudy,0,77
2024-05-28,Roysambu,Tuesday,Sunny,0,76
2024-05-28,Kasarani,Tuesday,Sunny,0,89
2024-05-28,Westlands,Tuesday,Sunny,0,67
2024-05-28,Kibera,Tuesday,Cloudy,0,50
2024-05-28,Kilimani,Tuesday,Rainy,0,49
2024-05-29,Roysambu,Wednesday,Rainy,0,80
2024-05-29,Kasarani,Wednesday,Sunny,0,59
2024-05-29,Westlands,Wednesday,Cloudy,0,71
2024-05-29,Kibera,Wednesday,Cloudy,0,85
2024-05-29,Kilimani,Wednesday,Sunny,0,60
2024-05-30,Roysambu,Thursday,Cloudy,0,67
2024-05-30,Kasarani,Thursday,Sunny,0,89
2024-05-30,Westlands,Thursday,Sunny,0,61
2024-05-30,Kibera,Thursday,Cloudy,0,96
2024-05-30,Kilimani,Thursday,Sunny,0,82
2024-05-31,Roysambu,Friday,Sunny,0,102
2024-05-31,Kasarani,Friday,Cloudy,0,101
2024-05-31,Westlands,Friday,Cloudy,0,57
2024-05-31,Kibera,Friday,Sunny,1,111
2024-05-31,Kilimani,Friday,Cloudy,0,76
2024-06-01,Roysambu,Saturday,Sunny,0,149
2024-06-01,Kasarani,Saturday,Cloudy,0,125
2024-06-01,Westlands,Saturday,Cloudy,0,122
2024-06-01,Kibera,Saturday,Sunny,0,109
2024-06-01,Kilimani,Saturday,Cloudy,0,101
2024-06-02,Roysambu,Sunday,Cloudy,0,100
2024-06-02,Kasarani,Sunday,Cloudy,0,155
2024-06-02,Westlands,Sunday,Sunny,0,94
2024-06-02,Kibera,Sunday,Sunny,0,126
2024-06-02,Kilimani,Sunday,Cloudy,0,106
2024-06-03,Roysambu,Monday,Cloudy,1,194
2024-06-03,Kasarani,Monday,Cloudy,0,94
2024-06-03,Westlands,Monday,Cloudy,0,72
2024-06-03,Kibera,Monday,Rainy,1,97
2024-06-03,Kilimani,Monday,Cloudy,0,80
2024-06-04,Roysambu,Tuesday,Sunny,0,88
2024-06-04,Kasarani,Tuesday,Sunny,0,74
2024-06-04,Westlands,Tuesday,Sunny,0,51
2024-06-04,Kibera,Tuesday,Sunny,0,78
2024-06-04,Kilimani,Tuesday,Sunny,0,63
2024-06-05,Roysambu,Wednesday,Cloudy,0,78
2024-06-05,Kasarani,Wednesday,Sunny,0,75
2024-06-05,Westlands,Wednesday,Cloudy,0,53
2024-06-05,Kibera,Wednesday,Sunny,0,80
2024-06-05,Kilimani,Wednesday,Sunny,0,93
2024-06-06,Roysambu,Thursday,Cloudy,0,112
2024-06-06,Kasarani,Thursday,Sunny,0,91
2024-06-06,Westlands,Thursday,Sunny,0,64
2024-06-06,Kibera,Thursday,Sunny,0,97
2024-06-06,Kilimani,Thursday,Sunny,0,89
2024-06-07,Roysambu,Friday,Cloudy,0,99
2024-06-07,Kasarani,Friday,Sunny,0,68
2024-06-07,Westlands,Friday,Sunny,0,54
2024-06-07,Kibera,Friday,Sunny,0,56
2024-06-07,Kilimani,Friday,Sunny,0,60
2024-06-08,Roysambu,Saturday,Sunny,0,140
2024-06-08,Kasarani,Saturday,Sunny,0,156
2024-06-08,Westlands,Saturday,Sunny,1,230
2024-06-08,Kibera,Saturday,Sunny,0,118
2024-06-08,Kilimani,Saturday,Sunny,0,95
2024-06-09,Roysambu,Sunday,Cloudy,0,126
2024-06-09,Kasarani,Sunday,Cloudy,1,240
2024-06-09,Westlands,Sunday,Sunny,0,129
2024-06-09,Kibera,Sunday,Sunny,0,112
2024-06-09,Kilimani,Sunday,Sunny,0,91
2024-06-10,Roysambu,Monday,Sunny,0,87
2024-06-10,Kasarani,Monday,Cloudy,0,82
2024-06-10,Westlands,Monday,Rainy,0,35
2024-06-10,Kibera,Monday,Cloudy,0,85
2024-06-10,Kilimani,Monday,Sunny,0,59
2024-06-11,Roysambu,Tuesday,Cloudy,0,86
2024-06-11,Kasarani,Tuesday,Cloudy,0,104
2024-06-11,Westlands,Tuesday,Sunny,0,67
2024-06-11,Kibera,Tuesday,Sunny,0,65
2024-06-11,Kilimani,Tuesday,Rainy,0,36
2024-06-12,Roysambu,Wednesday,Sunny,0,100
2024-06-12,Kasarani,Wednesday,Cloudy,0,61
2024-06-12,Westlands,Wednesday,Sunny,0,73
2024-06-12,Kibera,Wednesday,Cloudy,0,54
2024-06-12,Kilimani,Wednesday,Sunny,0,85
2024-06-13,Roysambu,Thursday,Sunny,0,68
2024-06-13,Kasarani,Thursday,Rainy,1,97
2024-06-13,Westlands,Thursday,Rainy,0,60
2024-06-13,Kibera,Thursday,Cloudy,1,99
2024-06-13,Kilimani,Thursday,Cloudy,1,140
2024-06-14,Roysambu,Friday,Sunny,0,72
2024-06-14,Kasarani,Friday,Sunny,0,72
2024-06-14,Westlands,Friday,Sunny,0,84
2024-06-14,Kibera,Friday,Cloudy,0,83
2024-06-14,Kilimani,Friday,Cloudy,0,88
2024-06-15,Roysambu,Saturday,Sunny,0,151
2024-06-15,Kasarani,Saturday,Sunny,1,184
2024-06-15,Westlands,Saturday,Sunny,0,102
2024-06-15,Kibera,Saturday,Cloudy,0,117
2024-06-15,Kilimani,Saturday,Cloudy,0,133
2024-06-16,Roysambu,Sunday,Cloudy,0,147
2024-06-16,Kasarani,Sunday,Rainy,0,82
2024-06-16,Westlands,Sunday,Rainy,0,68
2024-06-16,Kibera,Sunday,Rainy,0,82
2024-06-16,Kilimani,Sunday,Cloudy,0,118
2024-06-17,Roysambu,Monday,Sunny,1,211
2024-06-17,Kasarani,Monday,Sunny,0,58
2024-06-17,Westlands,Monday,Sunny,0,57
2024-06-17,Kibera,Monday,Sunny,0,72
2024-06-17,Kilimani,Monday,Rainy,0,47
2024-06-18,Roysambu,Tuesday,Sunny,0,86
2024-06-18,Kasarani,Tuesday,Cloudy,0,89
2024-06-18,Westlands,Tuesday,Sunny,0,63
2024-06-18,Kibera,Tuesday,Sunny,0,63
2024-06-18,Kilimani,Tuesday,Sunny,0,76
2024-06-19,Roysambu,Wednesday,Sunny,0,96
2024-06-19,Kasarani,Wednesday,Rainy,0,65
2024-06-19,Westlands,Wednesday,Sunny,0,72
2024-06-19,Kibera,Wednesday,Rainy,0,36
2024-06-19,Kilimani,Wednesday,Sunny,0,93
2024-06-20,Roysambu,Thursday,Sunny,0,87
2024-06-20,Kasarani,Thursday,Rainy,0,71
2024-06-20,Westlands,Thursday,Cloudy,0,64
2024-06-20,Kibera,Thursday,Sunny,0,64
2024-06-20,Kilimani,Thursday,Rainy,0,44
2024-06-21,Roysambu,Friday,Cloudy,0,72
2024-06-21,Kasarani,Friday,Sunny,0,60
2024-06-21,Westlands,Friday,Sunny,0,70
2024-06-21,Kibera,Friday,Sunny,0,72
2024-06-21,Kilimani,Friday,Cloudy,0,71
2024-06-22,Roysambu,Saturday,Cloudy,0,133
2024-06-22,Kasarani,Saturday,Sunny,0,161
2024-06-22,Westlands,Saturday,Sunny,0,79
2024-06-22,Kibera,Saturday,Sunny,0,141
2024-06-22,Kilimani,Saturday,Rainy,0,91
2024-06-23,Roysambu,Sunday,Sunny,0,144
2024-06-23,Kasarani,Sunday,Cloudy,1,258
2024-06-23,Westlands,Sunday,Sunny,0,86
2024-06-23,Kibera,Sunday,Cloudy,0,112
2024-06-23,Kilimani,Sunday,Cloudy,0,102
2024-06-24,Roysambu,Monday,Sunny,0,96
2024-06-24,Kasarani,Monday,Sunny,0,105
2024-06-24,Westlands,Monday,Sunny,0,54
2024-06-24,Kibera,Monday,Cloudy,0,51
2024-06-24,Kilimani,Monday,Sunny,0,63
2024-06-25,Roysambu,Tuesday,Sunny,0,60
2024-06-25,Kasarani,Tuesday,Cloudy,0,100
2024-06-25,Westlands,Tuesday,Sunny,0,71
2024-06-25,Kibera,Tuesday,Sunny,0,52
2024-06-25,Kilimani,Tuesday,Cloudy,0,94
2024-06-26,Roysambu,Wednesday,Cloudy,0,93
2024-06-26,Kasarani,Wednesday,Cloudy,0,61
2024-06-26,Westlands,Wednesday,Sunny,1,152
2024-06-26,Kibera,Wednesday,Sunny,0,97
2024-06-26,Kilimani,Wednesday,Cloudy,1,99
2024-06-27,Roysambu,Thursday,Sunny,0,116
2024-06-27,Kasarani,Thursday,Cloudy,0,96
2024-06-27,Westlands,Thursday,Cloudy,0,65
2024-06-27,Kibera,Thursday,Sunny,0,55
2024-06-27,Kilimani,Thursday,Sunny,0,61
2024-06-28,Roysambu,Friday,Sunny,0,91
2024-06-28,Kasarani,Friday,Sunny,0,81
2024-06-28,Westlands,Friday,Sunny,0,56
2024-06-28,Kibera,Friday,Sunny,0,52
2024-06-28,Kilimani,Friday,Sunny,0,49
2024-06-29,Roysambu,Saturday,Rainy,0,80
2024-06-29,Kasarani,Saturday,Rainy,0,75
2024-06-29,Westlands,Saturday,Sunny,0,101
2024-06-29,Kibera,Saturday,Sunny,0,132
2024-06-29,Kilimani,Saturday,Rainy,0,90
2024-06-30,Roysambu,Sunday,Sunny,0,108
2024-06-30,Kasarani,Sunday,Sunny,0,156
2024-06-30,Westlands,Sunday,Rainy,0,70
2024-06-30,Kibera,Sunday,Sunny,0,145
2024-06-30,Kilimani,Sunday,Sunny,0,104
2024-07-01,Roysambu,Monday,Sunny,0,97
2024-07-01,Kasarani,Monday,Sunny,0,62
2024-07-01,Westlands,Monday,Sunny,0,53
2024-07-01,Kibera,Monday,Sunny,0,75
2024-07-01,Kilimani,Monday,Sunny,0,80
2024-07-02,Roysambu,Tuesday,Sunny,0,87
2024-07-02,Kasarani,Tuesday,Sunny,0,96
2024-07-02,Westlands,Tuesday,Sunny,0,60
2024-07-02,Kibera,Tuesday,Rainy,0,63
2024-07-02,Kilimani,Tuesday,Sunny,0,57
2024-07-03,Roysambu,Wednesday,Sunny,0,69
2024-07-03,Kasarani,Wednesday,Sunny,0,71
2024-07-03,Westlands,Wednesday,Sunny,0,85
2024-07-03,Kibera,Wednesday,Sunny,0,97
2024-07-03,Kilimani,Wednesday,Sunny,0,67
2024-07-04,Roysambu,Thursday,Cloudy,0,115
2024-07-04,Kasarani,Thursday,Sunny,0,100
2024-07-04,Westlands,Thursday,Sunny,0,71
2024-07-04,Kibera,Thursday,Sunny,0,94
2024-07-04,Kilimani,Thursday,Cloudy,0,89
2024-07-05,Roysambu,Friday,Sunny,0,118
2024-07-05,Kasarani,Friday,Sunny,0,95
2024-07-05,Westlands,Friday,Sunny,0,68
2024-07-05,Kibera,Friday,Cloudy,0,52
2024-07-05,Kilimani,Friday,Cloudy,1,167
2024-07-06,Roysambu,Saturday,Sunny,0,104
2024-07-06,Kasarani,Saturday,Sunny,0,145
2024-07-06,Westlands,Saturday,Sunny,0,67
2024-07-06,Kibera,Saturday,Sunny,0,112
2024-07-06,Kilimani,Saturday,Sunny,0,136
2024-07-07,Roysambu,Sunday,Sunny,1,181
2024-07-07,Kasarani,Sunday,Cloudy,0,82
2024-07-07,Westlands,Sunday,Rainy,0,74
2024-07-07,Kibera,Sunday,Sunny,0,96
2024-07-07,Kilimani,Sunday,Sunny,0,85
2024-07-08,Roysambu,Monday,Sunny,0,73
2024-07-08,Kasarani,Monday,Sunny,0,107
2024-07-08,Westlands,Monday,Sunny,0,49
2024-07-08,Kibera,Monday,Rainy,0,45
2024-07-08,Kilimani,Monday,Sunny,0,48
2024-07-09,Roysambu,Tuesday,Cloudy,1,209
2024-07-09,Kasarani,Tuesday,Cloudy,0,57
2024-07-09,Westlands,Tuesday,Cloudy,0,45
2024-07-09,Kibera,Tuesday,Cloudy,0,97
2024-07-09,Kilimani,Tuesday,Cloudy,0,79
2024-07-10,Roysambu,Wednesday,Sunny,0,75
2024-07-10,Kasarani,Wednesday,Sunny,0,88
2024-07-10,Westlands,Wednesday,Cloudy,0,65
2024-07-10,Kibera,Wednesday,Sunny,0,86
2024-07-10,Kilimani,Wednesday,Cloudy,0,73
2024-07-11,Roysambu,Thursday,Sunny,0,109
2024-07-11,Kasarani,Thursday,Cloudy,0,100
2024-07-11,Westlands,Thursday,Sunny,0,88
2024-07-11,Kibera,Thursday,Sunny,0,94
2024-07-11,Kilimani,Thursday,Sunny,0,78
2024-07-12,Roysambu,Friday,Sunny,0,114
2024-07-12,Kasarani,Friday,Sunny,0,68
2024-07-12,Westlands,Friday,Rainy,0,41
2024-07-12,Kibera,Friday,Sunny,0,91
2024-07-12,Kilimani,Friday,Cloudy,1,107
2024-07-13,Roysambu,Saturday,Sunny,0,142
2024-07-13,Kasarani,Saturday,Sunny,0,99
2024-07-13,Westlands,Saturday,Rainy,0,69
2024-07-13,Kibera,Saturday,Sunny,0,76
2024-07-13,Kilimani,Saturday,Sunny,0,104
2024-07-14,Roysambu,Sunday,Cloudy,0,118
2024-07-14,Kasarani,Sunday,Sunny,0,133
2024-07-14,Westlands,Sunday,Sunny,0,101
2024-07-14,Kibera,Sunday,Sunny,0,123
2024-07-14,Kilimani,Sunday,Sunny,0,104
2024-07-15,Roysambu,Monday,Rainy,0,68
2024-07-15,Kasarani,Monday,Rainy,0,75
2024-07-15,Westlands,Monday,Cloudy,0,71
2024-07-15,Kibera,Monday,Sunny,0,66
2024-07-15,Kilimani,Monday,Sunny,0,65
2024-07-16,Roysambu,Tuesday,Cloudy,0,97
2024-07-16,Kasarani,Tuesday,Sunny,0,82
2024-07-16,Westlands,Tuesday,Rainy,0,47
2024-07-16,Kibera,Tuesday,Sunny,0,56
2024-07-16,Kilimani,Tuesday,Sunny,1,128
2024-07-17,Roysambu,Wednesday,Cloudy,0,63
2024-07-17,Kasarani,Wednesday,Sunny,0,95
2024-07-17,Westlands,Wednesday,Cloudy,0,77
2024-07-17,Kibera,Wednesday,Sunny,0,97
2024-07-17,Kilimani,Wednesday,Cloudy,0,89
2024-07-18,Roysambu,Thursday,Cloudy,0,98
2024-07-18,Kasarani,Thursday,Sunny,0,77
2024-07-18,Westlands,Thursday,Cloudy,0,53
2024-07-18,Kibera,Thursday,Cloudy,0,67
2024-07-18,Kilimani,Thursday,Cloudy,0,49
2024-07-19,Roysambu,Friday,Sunny,0,112
2024-07-19,Kasarani,Friday,Cloudy,0,78
2024-07-19,Westlands,Friday,Cloudy,0,46
2024-07-19,Kibera,Friday,Sunny,0,83
2024-07-19,Kilimani,Friday,Cloudy,0,49
2024-07-20,Roysambu,Saturday,Cloudy,0,142
2024-07-20,Kasarani,Saturday,Sunny,0,103
2024-07-20,Westlands,Saturday,Sunny,0,95
2024-07-20,Kibera,Saturday,Cloudy,0,94
2024-07-20,Kilimani,Saturday,Rainy,1,111
2024-07-21,Roysambu,Sunday,Rainy,0,90
2024-07-21,Kasarani,Sunday,Cloudy,0,123
2024-07-21,Westlands,Sunday,Sunny,0,82
2024-07-21,Kibera,Sunday,Cloudy,0,81
2024-07-21,Kilimani,Sunday,Sunny,0,141
2024-07-22,Roysambu,Monday,Sunny,0,66
2024-07-22,Kasarani,Monday,Sunny,0,64
2024-07-22,Westlands,Monday,Sunny,0,81
2024-07-22,Kibera,Monday,Sunny,0,61
2024-07-22,Kilimani,Monday,Sunny,0,84
2024-07-23,Roysambu,Tuesday,Sunny,0,100
2024-07-23,Kasarani,Tuesday,Sunny,0,93
2024-07-23,Westlands,Tuesday,Rainy,0,52
2024-07-23,Kibera,Tuesday,Cloudy,0,56
2024-07-23,Kilimani,Tuesday,Sunny,0,56
2024-07-24,Roysambu,Wednesday,Sunny,0,90
2024-07-24,Kasarani,Wednesday,Sunny,0,78
2024-07-24,Westlands,Wednesday,Sunny,0,53
2024-07-24,Kibera,Wednesday,Cloudy,0,64
2024-07-24,Kilimani,Wednesday,Cloudy,0,74
2024-07-25,Roysambu,Thursday,Sunny,0,96
2024-07-25,Kasarani,Thursday,Cloudy,0,89
2024-07-25,Westlands,Thursday,Sunny,0,81
2024-07-25,Kibera,Thursday,Sunny,0,76
2024-07-25,Kilimani,Thursday,Sunny,0,86
2024-07-26,Roysambu,Friday,Rainy,0,51
2024-07-26,Kasarani,Friday,Sunny,0,89
2024-07-26,Westlands,Friday,Cloudy,0,47
2024-07-26,Kibera,Friday,Sunny,0,54
2024-07-26,Kilimani,Friday,Sunny,0,88
2024-07-27,Roysambu,Saturday,Sunny,0,171
2024-07-27,Kasarani,Saturday,Sunny,0,123
2024-07-27,Westlands,Saturday,Sunny,0,117
2024-07-27,Kibera,Saturday,Sunny,0,82
2024-07-27,Kilimani,Saturday,Sunny,0,121
2024-07-28,Roysambu,Sunday,Sunny,0,90
2024-07-28,Kasarani,Sunday,Sunny,0,155
2024-07-28,Westlands,Sunday,Cloudy,0,87
2024-07-28,Kibera,Sunday,Sunny,0,139
2024-07-28,Kilimani,Sunday,Sunny,1,143
2024-07-29,Roysambu,Monday,Sunny,1,110
2024-07-29,Kasarani,Monday,Cloudy,1,146
2024-07-29,Westlands,Monday,Cloudy,0,62
2024-07-29,Kibera,Monday,Cloudy,0,90
2024-07-29,Kilimani,Monday,Sunny,0,85
2024-07-30,Roysambu,Tuesday,Rainy,0,82
2024-07-30,Kasarani,Tuesday,Sunny,0,56
2024-07-30,Westlands,Tuesday,Sunny,0,46
2024-07-30,Kibera,Tuesday,Cloudy,0,71
2024-07-30,Kilimani,Tuesday,Sunny,0,62
2024-07-31,Roysambu,Wednesday,Sunny,0,118
2024-07-31,Kasarani,Wednesday,Sunny,1,126
2024-07-31,Westlands,Wednesday,Rainy,0,57
2024-07-31,Kibera,Wednesday,Cloudy,0,74
2024-07-31,Kilimani,Wednesday,Sunny,0,68
2024-08-01,Roysambu,Thursday,Sunny,0,115
2024-08-01,Kasarani,Thursday,Cloudy,0,55
2024-08-01,Westlands,Thursday,Sunny,0,84
2024-08-01,Kibera,Thursday,Cloudy,0,51
2024-08-01,Kilimani,Thursday,Sunny,0,63
2024-08-02,Roysambu,Friday,Sunny,0,92
2024-08-02,Kasarani,Friday,Cloudy,0,86
2024-08-02,Westlands,Friday,Sunny,0,85
2024-08-02,Kibera,Friday,Cloudy,0,94
2024-08-02,Kilimani,Friday,Rainy,0,37
2024-08-03,Roysambu,Saturday,Cloudy,0,154
2024-08-03,Kasarani,Saturday,Cloudy,0,130
2024-08-03,Westlands,Saturday,Sunny,0,129
2024-08-03,Kibera,Saturday,Cloudy,0,97
2024-08-03,Kilimani,Saturday,Sunny,0,96
2024-08-04,Roysambu,Sunday,Sunny,0,99
2024-08-04,Kasarani,Sunday,Sunny,0,85
2024-08-04,Westlands,Sunday,Sunny,0,117
2024-08-04,Kibera,Sunday,Rainy,0,78
2024-08-04,Kilimani,Sunday,Sunny,0,74
2024-08-05,Roysambu,Monday,Rainy,0,53
2024-08-05,Kasarani,Monday,Cloudy,0,78
2024-08-05,Westlands,Monday,Cloudy,1,111
2024-08-05,Kibera,Monday,Sunny,0,78
2024-08-05,Kilimani,Monday,Sunny,0,68
2024-08-06,Roysambu,Tuesday,Cloudy,0,106
2024-08-06,Kasarani,Tuesday,Cloudy,0,107
2024-08-06,Westlands,Tuesday,Sunny,0,87
2024-08-06,Kibera,Tuesday,Cloudy,0,75
2024-08-06,Kilimani,Tuesday,Sunny,0,72
2024-08-07,Roysambu,Wednesday,Cloudy,0,98
2024-08-07,Kasarani,Wednesday,Sunny,0,106
2024-08-07,Westlands,Wednesday,Cloudy,0,83
2024-08-07,Kibera,Wednesday,Cloudy,0,60
2024-08-07,Kilimani,Wednesday,Sunny,0,51
2024-08-08,Roysambu,Thursday,Sunny,0,66
2024-08-08,Kasarani,Thursday,Cloudy,0,101
2024-08-08,Westlands,Thursday,Cloudy,0,78
2024-08-08,Kibera,Thursday,Sunny,0,86
2024-08-08,Kilimani,Thursday,Sunny,0,94
2024-08-09,Roysambu,Friday,Sunny,0,74
2024-08-09,Kasarani,Friday,Sunny,0,55
2024-08-09,Westlands,Friday,Rainy,0,50
2024-08-09,Kibera,Friday,Sunny,0,61
2024-08-09,Kilimani,Friday,Sunny,0,60
2024-08-10,Roysambu,Saturday,Sunny,0,90
2024-08-10,Kasarani,Saturday,Sunny,0,132
2024-08-10,Westlands,Saturday,Sunny,0,82
2024-08-10,Kibera,Saturday,Sunny,0,99
2024-08-10,Kilimani,Saturday,Sunny,0,72
2024-08-11,Roysambu,Sunday,Sunny,0,136
2024-08-11,Kasarani,Sunday,Sunny,0,155
2024-08-11,Westlands,Sunday,Sunny,0,90
2024-08-11,Kibera,Sunday,Cloudy,0,120
2024-08-11,Kilimani,Sunday,Cloudy,0,84
2024-08-12,Roysambu,Monday,Cloudy,1,170
2024-08-12,Kasarani,Monday,Cloudy,0,103
2024-08-12,Westlands,Monday,Sunny,0,77
2024-08-12,Kibera,Monday,Cloudy,0,93
2024-08-12,Kilimani,Monday,Sunny,1,123
2024-08-13,Roysambu,Tuesday,Sunny,0,72
2024-08-13,Kasarani,Tuesday,Cloudy,0,73
2024-08-13,Westlands,Tuesday,Sunny,1,142
2024-08-13,Kibera,Tuesday,Sunny,0,75
2024-08-13,Kilimani,Tuesday,Sunny,0,55
2024-08-14,Roysambu,Wednesday,Cloudy,1,159
2024-08-14,Kasarani,Wednesday,Sunny,0,96
2024-08-14,Westlands,Wednesday,Sunny,0,67
2024-08-14,Kibera,Wednesday,Sunny,0,76
2024-08-14,Kilimani,Wednesday,Cloudy,0,71
2024-08-15,Roysambu,Thursday,Sunny,0,73
2024-08-15,Kasarani,Thursday,Sunny,1,120
2024-08-15,Westlands,Thursday,Sunny,0,52
2024-08-15,Kibera,Thursday,Rainy,0,45
2024-08-15,Kilimani,Thursday,Sunny,0,69
2024-08-16,Roysambu,Friday,Cloudy,0,76
2024-08-16,Kasarani,Friday,Cloudy,0,89
2024-08-16,Westlands,Friday,Sunny,0,69
2024-08-16,Kibera,Friday,Sunny,0,54
2024-08-16,Kilimani,Friday,Sunny,0,62
2024-08-17,Roysambu,Saturday,Sunny,0,95
2024-08-17,Kasarani,Saturday,Sunny,0,135
2024-08-17,Westlands,Saturday,Cloudy,1,162
2024-08-17,Kibera,Saturday,Sunny,0,139
2024-08-17,Kilimani,Saturday,Sunny,0,101
2024-08-18,Roysambu,Sunday,Sunny,0,138
2024-08-18,Kasarani,Sunday,Cloudy,1,255
2024-08-18,Westlands,Sunday,Sunny,0,75
2024-08-18,Kibera,Sunday,Rainy,0,59
2024-08-18,Kilimani,Sunday,Cloudy,0,79
2024-08-19,Roysambu,Monday,Sunny,0,75
2024-08-19,Kasarani,Monday,Sunny,0,91
2024-08-19,Westlands,Monday,Sunny,0,51
2024-08-19,Kibera,Monday,Cloudy,0,90
2024-08-19,Kilimani,Monday,Cloudy,0,49
2024-08-20,Roysambu,Tuesday,Sunny,0,108
2024-08-20,Kasarani,Tuesday,Rainy,0,44
2024-08-20,Westlands,Tuesday,Cloudy,0,67
2024-08-20,Kibera,Tuesday,Cloudy,0,83
2024-08-20,Kilimani,Tuesday,Cloudy,0,93
2024-08-21,Roysambu,Wednesday,Rainy,0,55
2024-08-21,Kasarani,Wednesday,Sunny,0,85
2024-08-21,Westlands,Wednesday,Cloudy,0,75
2024-08-21,Kibera,Wednesday,Sunny,0,75
2024-08-21,Kilimani,Wednesday,Cloudy,0,93
2024-08-22,Roysambu,Thursday,Sunny,0,109
2024-08-22,Kasarani,Thursday,Sunny,0,57
2024-08-22,Westlands,Thursday,Cloudy,1,129
2024-08-22,Kibera,Thursday,Sunny,0,79
2024-08-22,Kilimani,Thursday,Sunny,0,53
2024-08-23,Roysambu,Friday,Sunny,0,90
2024-08-23,Kasarani,Friday,Cloudy,0,106
2024-08-23,Westlands,Friday,Cloudy,0,55
2024-08-23,Kibera,Friday,Sunny,0,68
2024-08-23,Kilimani,Friday,Sunny,0,77
2024-08-24,Roysambu,Saturday,Sunny,0,162
2024-08-24,Kasarani,Saturday,Sunny,0,127
2024-08-24,Westlands,Saturday,Sunny,0,129
2024-08-24,Kibera,Saturday,Sunny,0,97
2024-08-24,Kilimani,Saturday,Sunny,0,88
2024-08-25,Roysambu,Sunday,Sunny,0,106
2024-08-25,Kasarani,Sunday,Cloudy,0,133
2024-08-25,Westlands,Sunday,Cloudy,0,78
2024-08-25,Kibera,Sunday,Sunny,1,253
2024-08-25,Kilimani,Sunday,Sunny,0,121
2024-08-26,Roysambu,Monday,Sunny,0,96
2024-08-26,Kasarani,Monday,Sunny,0,77
2024-08-26,Westlands,Monday,Sunny,0,45
2024-08-26,Kibera,Monday,Sunny,0,82
2024-08-26,Kilimani,Monday,Sunny,0,53
2024-08-27,Roysambu,Tuesday,Sunny,0,85
2024-08-27,Kasarani,Tuesday,Rainy,0,59
2024-08-27,Westlands,Tuesday,Cloudy,0,77
2024-08-27,Kibera,Tuesday,Sunny,0,75
2024-08-27,Kilimani,Tuesday,Cloudy,0,78
2024-08-28,Roysambu,Wednesday,Cloudy,0,79
2024-08-28,Kasarani,Wednesday,Cloudy,0,101
2024-08-28,Westlands,Wednesday,Cloudy,0,65
2024-08-28,Kibera,Wednesday,Sunny,0,65
2024-08-28,Kilimani,Wednesday,Cloudy,0,90
2024-08-29,Roysambu,Thursday,Cloudy,0,103
2024-08-29,Kasarani,Thursday,Sunny,1,116
2024-08-29,Westlands,Thursday,Rainy,0,42
2024-08-29,Kibera,Thursday,Sunny,0,80
2024-08-29,Kilimani,Thursday,Cloudy,0,90
2024-08-30,Roysambu,Friday,Cloudy,0,74
2024-08-30,Kasarani,Friday,Cloudy,0,56
2024-08-30,Westlands,Friday,Sunny,0,48
2024-08-30,Kibera,Friday,Rainy,0,35
2024-08-30,Kilimani,Friday,Cloudy,0,50
2024-08-31,Roysambu,Saturday,Cloudy,0,156
2024-08-31,Kasarani,Saturday,Sunny,1,190
2024-08-31,Westlands,Saturday,Sunny,0,112
2024-08-31,Kibera,Saturday,Cloudy,0,147
2024-08-31,Kilimani,Saturday,Cloudy,0,75
2024-09-01,Roysambu,Sunday,Cloudy,0,165
2024-09-01,Kasarani,Sunday,Cloudy,0,161
2024-09-01,Westlands,Sunday,Sunny,0,125
2024-09-01,Kibera,Sunday,Cloudy,0,112
2024-09-01,Kilimani,Sunday,Rainy,0,85
2024-09-02,Roysambu,Monday,Sunny,0,85
2024-09-02,Kasarani,Monday,Sunny,0,93
2024-09-02,Westlands,Monday,Cloudy,0,55
2024-09-02,Kibera,Monday,Cloudy,0,99
2024-09-02,Kilimani,Monday,Cloudy,0,56
2024-09-03,Roysambu,Tuesday,Rainy,0,45
2024-09-03,Kasarani,Tuesday,Cloudy,0,69
2024-09-03,Westlands,Tuesday,Cloudy,0,84
2024-09-03,Kibera,Tuesday,Sunny,0,91
2024-09-03,Kilimani,Tuesday,Sunny,0,59
2024-09-04,Roysambu,Wednesday,Cloudy,0,76
2024-09-04,Kasarani,Wednesday,Sunny,0,93
2024-09-04,Westlands,Wednesday,Cloudy,0,82
2024-09-04,Kibera,Wednesday,Cloudy,0,50
2024-09-04,Kilimani,Wednesday,Cloudy,0,94
2024-09-05,Roysambu,Thursday,Sunny,0,96
2024-09-05,Kasarani,Thursday,Cloudy,1,152
2024-09-05,Westlands,Thursday,Sunny,0,56
2024-09-05,Kibera,Thursday,Cloudy,0,51
2024-09-05,Kilimani,Thursday,Sunny,0,57
2024-09-06,Roysambu,Friday,Sunny,1,125
2024-09-06,Kasarani,Friday,Sunny,0,63
2024-09-06,Westlands,Friday,Cloudy,0,61
2024-09-06,Kibera,Friday,Sunny,0,51
2024-09-06,Kilimani,Friday,Cloudy,0,52
2024-09-07,Roysambu,Saturday,Sunny,0,93
2024-09-07,Kasarani,Saturday,Sunny,0,132
2024-09-07,Westlands,Saturday,Sunny,0,71
2024-09-07,Kibera,Saturday,Sunny,0,90
2024-09-07,Kilimani,Saturday,Cloudy,0,106
2024-09-08,Roysambu,Sunday,Cloudy,0,122
2024-09-08,Kasarani,Sunday,Sunny,0,85
2024-09-08,Westlands,Sunday,Sunny,0,70
2024-09-08,Kibera,Sunday,Sunny,1,197
2024-09-08,Kilimani,Sunday,Cloudy,0,84
2024-09-09,Roysambu,Monday,Cloudy,0,87
2024-09-09,Kasarani,Monday,Sunny,0,81
2024-09-09,Westlands,Monday,Sunny,0,84
2024-09-09,Kibera,Monday,Rainy,0,54
2024-09-09,Kilimani,Monday,Cloudy,0,79
2024-09-10,Roysambu,Tuesday,Cloudy,0,103
2024-09-10,Kasarani,Tuesday,Sunny,0,84
2024-09-10,Westlands,Tuesday,Sunny,0,82
2024-09-10,Kibera,Tuesday,Cloudy,0,93
2024-09-10,Kilimani,Tuesday,Rainy,0,51
2024-09-11,Roysambu,Wednesday,Sunny,0,108
2024-09-11,Kasarani,Wednesday,Cloudy,0,96
2024-09-11,Westlands,Wednesday,Sunny,0,72
2024-09-11,Kibera,Wednesday,Sunny,0,50
2024-09-11,Kilimani,Wednesday,Sunny,1,119
2024-09-12,Roysambu,Thursday,Sunny,0,72
2024-09-12,Kasarani,Thursday,Sunny,0,83
2024-09-12,Westlands,Thursday,Sunny,0,88
2024-09-12,Kibera,Thursday,Rainy,0,59
2024-09-12,Kilimani,Thursday,Sunny,0,64
2024-09-13,Roysambu,Friday,Sunny,0,60
2024-09-13,Kasarani,Friday,Cloudy,0,101
2024-09-13,Westlands,Friday,Sunny,0,81
2024-09-13,Kibera,Friday,Sunny,0,89
2024-09-13,Kilimani,Friday,Sunny,0,69
2024-09-14,Roysambu,Saturday,Cloudy,0,158
2024-09-14,Kasarani,Saturday,Sunny,0,112
2024-09-14,Westlands,Saturday,Cloudy,0,68
2024-09-14,Kibera,Saturday,Sunny,0,87
2024-09-14,Kilimani,Saturday,Sunny,0,108
2024-09-15,Roysambu,Sunday,Rainy,0,94
2024-09-15,Kasarani,Sunday,Sunny,0,151
2024-09-15,Westlands,Sunday,Cloudy,0,71
2024-09-15,Kibera,Sunday,Sunny,0,82
2024-09-15,Kilimani,Sunday,Sunny,0,114
2024-09-16,Roysambu,Monday,Cloudy,0,116
2024-09-16,Kasarani,Monday,Cloudy,0,81
2024-09-16,Westlands,Monday,Sunny,0,64
2024-09-16,Kibera,Monday,Sunny,0,77
2024-09-16,Kilimani,Monday,Sunny,0,89
2024-09-17,Roysambu,Tuesday,Sunny,0,61
2024-09-17,Kasarani,Tuesday,Sunny,0,62
2024-09-17,Westlands,Tuesday,Sunny,0,55
2024-09-17,Kibera,Tuesday,Cloudy,0,63
2024-09-17,Kilimani,Tuesday,Sunny,0,90
2024-09-18,Roysambu,Wednesday,Sunny,0,103
2024-09-18,Kasarani,Wednesday,Sunny,0,108
2024-09-18,Westlands,Wednesday,Sunny,1,115
2024-09-18,Kibera,Wednesday,Sunny,1,109
2024-09-18,Kilimani,Wednesday,Sunny,0,84
2024-09-19,Roysambu,Thursday,Sunny,0,100
2024-09-19,Kasarani,Thursday,Sunny,0,79
2024-09-19,Westlands,Thursday,Sunny,0,75
2024-09-19,Kibera,Thursday,Sunny,0,79
2024-09-19,Kilimani,Thursday,Cloudy,0,50
2024-09-20,Roysambu,Friday,Sunny,0,90
2024-09-20,Kasarani,Friday,Rainy,0,48
2024-09-20,Westlands,Friday,Cloudy,0,49
2024-09-20,Kibera,Friday,Cloudy,0,90
2024-09-20,Kilimani,Friday,Cloudy,0,55
2024-09-21,Roysambu,Saturday,Rainy,0,104
2024-09-21,Kasarani,Saturday,Sunny,0,127
2024-09-21,Westlands,Saturday,Sunny,0,76
2024-09-21,Kibera,Saturday,Sunny,0,96
2024-09-21,Kilimani,Saturday,Sunny,0,78
2024-09-22,Roysambu,Sunday,Sunny,0,133
2024-09-22,Kasarani,Sunday,Sunny,0,103
2024-09-22,Westlands,Sunday,Sunny,0,93
2024-09-22,Kibera,Sunday,Cloudy,0,111
2024-09-22,Kilimani,Sunday,Sunny,0,132
2024-09-23,Roysambu,Monday,Cloudy,0,68
2024-09-23,Kasarani,Monday,Sunny,0,93
2024-09-23,Westlands,Monday,Sunny,0,83
2024-09-23,Kibera,Monday,Sunny,0,63
2024-09-23,Kilimani,Monday,Rainy,0,47
2024-09-24,Roysambu,Tuesday,Sunny,0,62
2024-09-24,Kasarani,Tuesday,Cloudy,0,58
2024-09-24,Westlands,Tuesday,Sunny,0,73
2024-09-24,Kibera,Tuesday,Cloudy,0,97
2024-09-24,Kilimani,Tuesday,Rainy,0,39
2024-09-25,Roysambu,Wednesday,Rainy,0,57
2024-09-25,Kasarani,Wednesday,Cloudy,0,95
2024-09-25,Westlands,Wednesday,Cloudy,0,71
2024-09-25,Kibera,Wednesday,Cloudy,0,86
2024-09-25,Kilimani,Wednesday,Sunny,0,72
2024-09-26,Roysambu,Thursday,Sunny,0,96
2024-09-26,Kasarani,Thursday,Sunny,0,89
2024-09-26,Westlands,Thursday,Sunny,0,49
2024-09-26,Kibera,Thursday,Cloudy,1,126
2024-09-26,Kilimani,Thursday,Cloudy,0,59
2024-09-27,Roysambu,Friday,Sunny,0,87
2024-09-27,Kasarani,Friday,Sunny,0,95
2024-09-27,Westlands,Friday,Cloudy,0,60
2024-09-27,Kibera,Friday,Sunny,0,90
2024-09-27,Kilimani,Friday,Sunny,1,133
2024-09-28,Roysambu,Saturday,Cloudy,0,113
2024-09-28,Kasarani,Saturday,Cloudy,0,135
2024-09-28,Westlands,Saturday,Sunny,0,101
2024-09-28,Kibera,Saturday,Sunny,1,237
2024-09-28,Kilimani,Saturday,Sunny,0,105
2024-09-29,Roysambu,Sunday,Sunny,0,145
2024-09-29,Kasarani,Sunday,Sunny,0,113
2024-09-29,Westlands,Sunday,Sunny,0,95
2024-09-29,Kibera,Sunday,Sunny,0,100
2024-09-29,Kilimani,Sunday,Sunny,0,119
2024-09-30,Roysambu,Monday,Cloudy,0,110
2024-09-30,Kasarani,Monday,Sunny,0,83
2024-09-30,Westlands,Monday,Sunny,0,81
2024-09-30,Kibera,Monday,Cloudy,0,82
2024-09-30,Kilimani,Monday,Sunny,0,54
2024-10-01,Roysambu,Tuesday,Sunny,1,155
2024-10-01,Kasarani,Tuesday,Rainy,0,43
2024-10-01,Westlands,Tuesday,Sunny,0,83
2024-10-01,Kibera,Tuesday,Rainy,0,60
2024-10-01,Kilimani,Tuesday,Sunny,0,71
2024-10-02,Roysambu,Wednesday,Rainy,0,64
2024-10-02,Kasarani,Wednesday,Sunny,0,108
2024-10-02,Westlands,Wednesday,Cloudy,0,75
2024-10-02,Kibera,Wednesday,Sunny,0,82
2024-10-02,Kilimani,Wednesday,Sunny,0,93
2024-10-03,Roysambu,Thursday,Sunny,0,92
2024-10-03,Kasarani,Thursday,Rainy,0,66
2024-10-03,Westlands,Thursday,Sunny,0,74
2024-10-03,Kibera,Thursday,Rainy,1,76
2024-10-03,Kilimani,Thursday,Sunny,0,57
2024-10-04,Roysambu,Friday,Sunny,0,118
2024-10-04,Kasarani,Friday,Cloudy,0,89
2024-10-04,Westlands,Friday,Cloudy,0,86
2024-10-04,Kibera,Friday,Sunny,0,80
2024-10-04,Kilimani,Friday,Sunny,0,62
2024-10-05,Roysambu,Saturday,Cloudy,0,176
2024-10-05,Kasarani,Saturday,Sunny,0,85
2024-10-05,Westlands,Saturday,Sunny,0,81
2024-10-05,Kibera,Saturday,Sunny,0,136
2024-10-05,Kilimani,Saturday,Cloudy,0,116
2024-10-06,Roysambu,Sunday,Sunny,0,104
2024-10-06,Kasarani,Sunday,Sunny,0,99
2024-10-06,Westlands,Sunday,Sunny,0,120
2024-10-06,Kibera,Sunday,Sunny,0,123
2024-10-06,Kilimani,Sunday,Cloudy,0,79
2024-10-07,Roysambu,Monday,Sunny,0,97
2024-10-07,Kasarani,Monday,Sunny,0,102
2024-10-07,Westlands,Monday,Sunny,0,45
2024-10-07,Kibera,Monday,Rainy,0,38
2024-10-07,Kilimani,Monday,Sunny,0,77
2024-10-08,Roysambu,Tuesday,Cloudy,0,97
2024-10-08,Kasarani,Tuesday,Cloudy,0,62
2024-10-08,Westlands,Tuesday,Sunny,0,61
2024-10-08,Kibera,Tuesday,Cloudy,0,89
2024-10-08,Kilimani,Tuesday,Sunny,0,54
2024-10-09,Roysambu,Wednesday,Rainy,0,75
2024-10-09,Kasarani,Wednesday,Sunny,0,85
2024-10-09,Westlands,Wednesday,Sunny,0,54
2024-10-09,Kibera,Wednesday,Cloudy,0,61
2024-10-09,Kilimani,Wednesday,Sunny,0,49
2024-10-10,Roysambu,Thursday,Sunny,0,60
2024-10-10,Kasarani,Thursday,Rainy,0,53
2024-10-10,Westlands,Thursday,Sunny,0,70
2024-10-10,Kibera,Thursday,Sunny,0,88
2024-10-10,Kilimani,Thursday,Sunny,0,67
2024-10-11,Roysambu,Friday,Sunny,0,74
2024-10-11,Kasarani,Friday,Sunny,0,68
2024-10-11,Westlands,Friday,Cloudy,0,66
2024-10-11,Kibera,Friday,Cloudy,0,60
2024-10-11,Kilimani,Friday,Sunny,0,94
2024-10-12,Roysambu,Saturday,Cloudy,0,140
2024-10-12,Kasarani,Saturday,Sunny,0,100
2024-10-12,Westlands,Saturday,Cloudy,0,103
2024-10-12,Kibera,Saturday,Sunny,0,88
2024-10-12,Kilimani,Saturday,Sunny,0,139
2024-10-13,Roysambu,Sunday,Sunny,0,111
2024-10-13,Kasarani,Sunday,Sunny,0,113
2024-10-13,Westlands,Sunday,Sunny,0,103
2024-10-13,Kibera,Sunday,Cloudy,0,106
2024-10-13,Kilimani,Sunday,Cloudy,0,104
2024-10-14,Roysambu,Monday,Cloudy,0,68
2024-10-14,Kasarani,Monday,Sunny,0,83
2024-10-14,Westlands,Monday,Rainy,0,59
2024-10-14,Kibera,Monday,Cloudy,0,74
2024-10-14,Kilimani,Monday,Cloudy,0,90
2024-10-15,Roysambu,Tuesday,Cloudy,0,90
2024-10-15,Kasarani,Tuesday,Rainy,0,52
2024-10-15,Westlands,Tuesday,Cloudy,0,78
2024-10-15,Kibera,Tuesday,Sunny,0,62
2024-10-15,Kilimani,Tuesday,Cloudy,0,58
2024-10-16,Roysambu,Wednesday,Sunny,0,76
2024-10-16,Kasarani,Wednesday,Cloudy,0,106
2024-10-16,Westlands,Wednesday,Rainy,0,49
2024-10-16,Kibera,Wednesday,Sunny,0,59
2024-10-16,Kilimani,Wednesday,Rainy,0,59
2024-10-17,Roysambu,Thursday,Sunny,1,198
2024-10-17,Kasarani,Thursday,Sunny,0,107
2024-10-17,Westlands,Thursday,Cloudy,0,70
2024-10-17,Kibera,Thursday,Cloudy,0,68
2024-10-17,Kilimani,Thursday,Sunny,0,67
2024-10-18,Roysambu,Friday,Rainy,0,71
2024-10-18,Kasarani,Friday,Cloudy,0,106
2024-10-18,Westlands,Friday,Rainy,1,81
2024-10-18,Kibera,Friday,Rainy,0,68
2024-10-18,Kilimani,Friday,Sunny,0,85
2024-10-19,Roysambu,Saturday,Cloudy,0,117
2024-10-19,Kasarani,Saturday,Cloudy,1,187
2024-10-19,Westlands,Saturday,Cloudy,0,67
2024-10-19,Kibera,Saturday,Rainy,0,69
2024-10-19,Kilimani,Saturday,Sunny,0,135
2024-10-20,Roysambu,Sunday,Cloudy,0,165
2024-10-20,Kasarani,Sunday,Sunny,1,255
2024-10-20,Westlands,Sunday,Sunny,0,118
2024-10-20,Kibera,Sunday,Rainy,0,95
2024-10-20,Kilimani,Sunday,Cloudy,0,98
2024-10-21,Roysambu,Monday,Cloudy,0,96
2024-10-21,Kasarani,Monday,Cloudy,0,67
2024-10-21,Westlands,Monday,Sunny,0,70
2024-10-21,Kibera,Monday,Rainy,0,48
2024-10-21,Kilimani,Monday,Sunny,0,84
2024-10-22,Roysambu,Tuesday,Sunny,0,114
2024-10-22,Kasarani,Tuesday,Rainy,1,133
2024-10-22,Westlands,Tuesday,Sunny,0,89
2024-10-22,Kibera,Tuesday,Sunny,0,93
2024-10-22,Kilimani,Tuesday,Sunny,0,89
2024-10-23,Roysambu,Wednesday,Sunny,0,60
2024-10-23,Kasarani,Wednesday,Sunny,0,75
2024-10-23,Westlands,Wednesday,Cloudy,0,82
2024-10-23,Kibera,Wednesday,Sunny,0,93
2024-10-23,Kilimani,Wednesday,Rainy,0,50
2024-10-24,Roysambu,Thursday,Sunny,0,93
2024-10-24,Kasarani,Thursday,Cloudy,0,70
2024-10-24,Westlands,Thursday,Sunny,0,68
2024-10-24,Kibera,Thursday,Sunny,0,64
2024-10-24,Kilimani,Thursday,Sunny,0,87
2024-10-25,Roysambu,Friday,Sunny,0,70
2024-10-25,Kasarani,Friday,Cloudy,0,101
2024-10-25,Westlands,Friday,Sunny,0,69
2024-10-25,Kibera,Friday,Sunny,0,59
2024-10-25,Kilimani,Friday,Sunny,1,100
2024-10-26,Roysambu,Saturday,Cloudy,0,174
2024-10-26,Kasarani,Saturday,Sunny,0,120
2024-10-26,Westlands,Saturday,Sunny,0,94
2024-10-26,Kibera,Saturday,Sunny,0,84
2024-10-26,Kilimani,Saturday,Sunny,0,112
2024-10-27,Roysambu,Sunday,Cloudy,0,111
2024-10-27,Kasarani,Sunday,Sunny,0,132
2024-10-27,Westlands,Sunday,Rainy,0,54
2024-10-27,Kibera,Sunday,Sunny,0,100
2024-10-27,Kilimani,Sunday,Sunny,0,133
2024-10-28,Roysambu,Monday,Cloudy,0,62
2024-10-28,Kasarani,Monday,Sunny,0,69
2024-10-28,Westlands,Monday,Sunny,0,71
2024-10-28,Kibera,Monday,Cloudy,0,81
2024-10-28,Kilimani,Monday,Cloudy,0,81
2024-10-29,Roysambu,Tuesday,Sunny,0,114
2024-10-29,Kasarani,Tuesday,Cloudy,0,89
2024-10-29,Westlands,Tuesday,Sunny,0,51
2024-10-29,Kibera,Tuesday,Sunny,0,67
2024-10-29,Kilimani,Tuesday,Sunny,0,70
2024-10-30,Roysambu,Wednesday,Sunny,0,100
2024-10-30,Kasarani,Wednesday,Cloudy,0,67
2024-10-30,Westlands,Wednesday,Sunny,1,127
2024-10-30,Kibera,Wednesday,Sunny,0,55
2024-10-30,Kilimani,Wednesday,Sunny,0,57
2024-10-31,Roysambu,Thursday,Cloudy,0,109
2024-10-31,Kasarani,Thursday,Sunny,0,95
2024-10-31,Westlands,Thursday,Rainy,0,37
2024-10-31,Kibera,Thursday,Cloudy,0,87
2024-10-31,Kilimani,Thursday,Sunny,0,51
2024-11-01,Roysambu,Friday,Rainy,0,78
2024-11-01,Kasarani,Friday,Sunny,0,68
2024-11-01,Westlands,Friday,Cloudy,0,67
2024-11-01,Kibera,Friday,Cloudy,0,72
2024-11-01,Kilimani,Friday,Cloudy,0,51
2024-11-02,Roysambu,Saturday,Sunny,0,174
2024-11-02,Kasarani,Saturday,Cloudy,0,155
2024-11-02,Westlands,Saturday,Sunny,0,110
2024-11-02,Kibera,Saturday,Cloudy,0,82
2024-11-02,Kilimani,Saturday,Cloudy,0,74
2024-11-03,Roysambu,Sunday,Sunny,1,191
2024-11-03,Kasarani,Sunday,Sunny,0,105
2024-11-03,Westlands,Sunday,Cloudy,0,78
2024-11-03,Kibera,Sunday,Sunny,0,108
2024-11-03,Kilimani,Sunday,Sunny,0,82
2024-11-04,Roysambu,Monday,Sunny,0,108
2024-11-04,Kasarani,Monday,Sunny,0,89
2024-11-04,Westlands,Monday,Sunny,0,70
2024-11-04,Kibera,Monday,Rainy,0,58
2024-11-04,Kilimani,Monday,Sunny,0,71
2024-11-05,Roysambu,Tuesday,Sunny,0,86
2024-11-05,Kasarani,Tuesday,Sunny,0,93
2024-11-05,Westlands,Tuesday,Rainy,0,45
2024-11-05,Kibera,Tuesday,Cloudy,0,95
2024-11-05,Kilimani,Tuesday,Sunny,0,47
2024-11-06,Roysambu,Wednesday,Cloudy,0,78
2024-11-06,Kasarani,Wednesday,Sunny,0,70
2024-11-06,Westlands,Wednesday,Sunny,0,57
2024-11-06,Kibera,Wednesday,Sunny,0,57
2024-11-06,Kilimani,Wednesday,Sunny,0,79
2024-11-07,Roysambu,Thursday,Cloudy,0,92
2024-11-07,Kasarani,Thursday,Sunny,0,66
2024-11-07,Westlands,Thursday,Cloudy,0,52
2024-11-07,Kibera,Thursday,Sunny,0,62
2024-11-07,Kilimani,Thursday,Sunny,0,53
2024-11-08,Roysambu,Friday,Sunny,0,109
2024-11-08,Kasarani,Friday,Sunny,0,56
2024-11-08,Westlands,Friday,Rainy,0,39
2024-11-08,Kibera,Friday,Sunny,0,62
2024-11-08,Kilimani,Friday,Sunny,0,93
2024-11-09,Roysambu,Saturday,Cloudy,0,169
2024-11-09,Kasarani,Saturday,Cloudy,0,107
2024-11-09,Westlands,Saturday,Sunny,0,71
2024-11-09,Kibera,Saturday,Cloudy,0,139
2024-11-09,Kilimani,Saturday,Sunny,0,106
2024-11-10,Roysambu,Sunday,Sunny,0,142
2024-11-10,Kasarani,Sunday,Sunny,0,82
2024-11-10,Westlands,Sunday,Sunny,0,74
2024-11-10,Kibera,Sunday,Sunny,0,106
2024-11-10,Kilimani,Sunday,Sunny,0,99
2024-11-11,Roysambu,Monday,Cloudy,0,98
2024-11-11,Kasarani,Monday,Cloudy,0,62
2024-11-11,Westlands,Monday,Cloudy,0,45
2024-11-11,Kibera,Monday,Sunny,0,73
2024-11-11,Kilimani,Monday,Sunny,0,93
2024-11-12,Roysambu,Tuesday,Rainy,0,68
2024-11-12,Kasarani,Tuesday,Sunny,0,70
2024-11-12,Westlands,Tuesday,Sunny,0,47
2024-11-12,Kibera,Tuesday,Sunny,0,74
2024-11-12,Kilimani,Tuesday,Sunny,0,94
2024-11-13,Roysambu,Wednesday,Cloudy,0,82
2024-11-13,Kasarani,Wednesday,Sunny,0,85
2024-11-13,Westlands,Wednesday,Cloudy,0,62
2024-11-13,Kibera,Wednesday,Sunny,0,61
2024-11-13,Kilimani,Wednesday,Sunny,0,67
2024-11-14,Roysambu,Thursday,Cloudy,0,111
2024-11-14,Kasarani,Thursday,Cloudy,1,176
2024-11-14,Westlands,Thursday,Sunny,0,54
2024-11-14,Kibera,Thursday,Rainy,0,51
2024-11-14,Kilimani,Thursday,Cloudy,0,75
2024-11-15,Roysambu,Friday,Sunny,0,90
2024-11-15,Kasarani,Friday,Cloudy,0,105
2024-11-15,Westlands,Friday,Sunny,0,69
2024-11-15,Kibera,Friday,Sunny,0,81
2024-11-15,Kilimani,Friday,Sunny,0,71
