route_id,route_type,num_stops,total_distance_km,total_time_hours
ROUTE_1,Standard_Route,5,31.41,2.06
ROUTE_1,Ugunja_AI_Route,5,24.46,1.66
ROUTE_10,Ugunja_AI_Route,9,48.18,2.96
ROUTE_10,Standard_Route,9,66.09,3.39
ROUTE_100,Ugunja_AI_Route,6,69.03,3.47
ROUTE_100,Standard_Route,6,86.78,4.53
ROUTE_101,Ugunja_AI_Route,6,46.39,2.67
ROUTE_101,Standard_Route,6,56.78,3.48
ROUTE_102,Ugunja_AI_Route,5,73.79,4.0
ROUTE_102,Standard_Route,5,96.98,5.32
ROUTE_103,Ugunja_AI_Route,9,26.55,2.2
ROUTE_103,Standard_Route,9,36.39,2.91
ROUTE_104,Standard_Route,14,46.99,2.54
ROUTE_104,Ugunja_AI_Route,14,37.27,2.14
ROUTE_105,Ugunja_AI_Route,9,37.54,2.16
ROUTE_105,Standard_Route,9,44.51,2.64
ROUTE_106,Ugunja_AI_Route,8,66.68,3.96
ROUTE_106,Standard_Route,8,89.1,4.59
ROUTE_107,Ugunja_AI_Route,11,80.64,4.09
ROUTE_107,Standard_Route,11,97.44,4.93
ROUTE_108,Ugunja_AI_Route,11,68.87,3.99
ROUTE_108,Standard_Route,11,84.79,4.55
ROUTE_109,Ugunja_AI_Route,5,69.39,3.23
ROUTE_109,Standard_Route,5,83.82,4.07
ROUTE_11,Standard_Route,11,72.94,3.56
ROUTE_11,Ugunja_AI_Route,11,55.33,3.1
ROUTE_110,Standard_Route,10,46.63,3.24
ROUTE_110,Ugunja_AI_Route,10,33.25,2.52
ROUTE_111,Standard_Route,12,62.64,3.9
ROUTE_111,Ugunja_AI_Route,12,51.27,2.96
ROUTE_112,Standard_Route,5,95.69,4.38
ROUTE_112,Ugunja_AI_Route,5,67.57,3.86
ROUTE_113,Standard_Route,8,46.47,2.81
ROUTE_113,Ugunja_AI_Route,8,37.02,2.24
ROUTE_114,Standard_Route,12,60.02,2.91
ROUTE_114,Ugunja_AI_Route,12,45.28,2.56
ROUTE_115,Standard_Route,6,72.27,3.52
ROUTE_115,Ugunja_AI_Route,6,51.54,3.13
ROUTE_116,Ugunja_AI_Route,5,40.87,2.38
ROUTE_116,Standard_Route,5,54.06,3.11
ROUTE_117,Ugunja_AI_Route,12,51.79,2.81
ROUTE_117,Standard_Route,12,67.48,3.45
ROUTE_118,Standard_Route,8,94.53,4.55
ROUTE_118,Ugunja_AI_Route,8,75.95,3.81
ROUTE_119,Ugunja_AI_Route,5,56.11,3.41
ROUTE_119,Standard_Route,5,77.92,3.86
ROUTE_12,Ugunja_AI_Route,13,46.96,2.77
ROUTE_12,Standard_Route,13,58.87,3.43
ROUTE_120,Ugunja_AI_Route,6,74.03,4.39
ROUTE_120,Standard_Route,6,91.74,5.07
ROUTE_121,Standard_Route,10,75.91,4.49
ROUTE_121,Ugunja_AI_Route,10,59.31,3.6
ROUTE_122,Ugunja_AI_Route,7,35.66,2.06
ROUTE_122,Standard_Route,7,50.79,2.66
ROUTE_123,Standard_Route,8,82.98,4.36
ROUTE_123,Ugunja_AI_Route,8,70.38,3.9
ROUTE_124,Ugunja_AI_Route,10,47.05,2.5
ROUTE_124,Standard_Route,10,64.56,3.17
ROUTE_125,Standard_Route,7,51.24,2.65
ROUTE_125,Ugunja_AI_Route,7,43.14,2.36
ROUTE_126,Ugunja_AI_Route,9,43.31,2.54
ROUTE_126,Standard_Route,9,53.69,2.87
ROUTE_127,Ugunja_AI_Route,11,56.88,3.11
ROUTE_127,Standard_Route,11,66.94,4.01
ROUTE_128,Standard_Route,13,33.31,1.89
ROUTE_128,Ugunja_AI_Route,13,25.29,1.47
ROUTE_129,Ugunja_AI_Route,11,49.71,3.66
ROUTE_129,Standard_Route,11,68.88,4.18
ROUTE_13,Standard_Route,12,97.44,5.02
ROUTE_13,Ugunja_AI_Route,12,82.33,4.11
ROUTE_130,Ugunja_AI_Route,11,58.24,3.55
ROUTE_130,Standard_Route,11,77.18,4.25
ROUTE_131,Ugunja_AI_Route,10,39.77,2.39
ROUTE_131,Standard_Route,10,55.32,2.8
ROUTE_132,Standard_Route,9,86.1,4.01
ROUTE_132,Ugunja_AI_Route,9,65.44,3.43
ROUTE_133,Standard_Route,8,70.24,4.28
ROUTE_133,Ugunja_AI_Route,8,57.44,3.46
ROUTE_134,Standard_Route,14,80.31,3.99
ROUTE_134,Ugunja_AI_Route,14,65.7,3.07
ROUTE_135,Standard_Route,7,31.08,1.96
ROUTE_135,Ugunja_AI_Route,7,22.45,1.55
ROUTE_136,Standard_Route,10,63.48,3.58
ROUTE_136,Ugunja_AI_Route,10,45.09,3.06
ROUTE_137,Standard_Route,11,91.71,4.91
ROUTE_137,Ugunja_AI_Route,11,70.21,3.75
ROUTE_138,Ugunja_AI_Route,10,41.98,2.86
ROUTE_138,Standard_Route,10,59.71,3.29
ROUTE_139,Ugunja_AI_Route,11,50.4,3.08
ROUTE_139,Standard_Route,11,69.79,3.69
ROUTE_14,Standard_Route,14,97.81,4.47
ROUTE_14,Ugunja_AI_Route,14,74.77,3.44
ROUTE_140,Ugunja_AI_Route,13,68.58,4.1
ROUTE_140,Standard_Route,13,96.82,4.89
ROUTE_141,Standard_Route,5,63.26,3.97
ROUTE_141,Ugunja_AI_Route,5,50.56,3.14
ROUTE_142,Ugunja_AI_Route,9,29.62,2.3
ROUTE_142,Standard_Route,9,41.5,3.0
ROUTE_143,Ugunja_AI_Route,14,56.18,3.4
ROUTE_143,Standard_Route,14,72.47,3.86
ROUTE_144,Standard_Route,9,72.01,3.6
ROUTE_144,Ugunja_AI_Route,9,57.49,3.14
ROUTE_145,Standard_Route,8,37.11,2.28
ROUTE_145,Ugunja_AI_Route,8,30.67,1.8
ROUTE_146,Standard_Route,11,68.26,3.82
ROUTE_146,Ugunja_AI_Route,11,50.75,2.96
ROUTE_147,Ugunja_AI_Route,7,23.9,2.3
ROUTE_147,Standard_Route,7,32.83,2.61
ROUTE_148,Ugunja_AI_Route,8,60.92,3.88
ROUTE_148,Standard_Route,8,86.62,4.55
ROUTE_149,Standard_Route,6,82.56,4.09
ROUTE_149,Ugunja_AI_Route,6,62.67,3.64
ROUTE_15,Standard_Route,14,41.24,2.98
ROUTE_15,Ugunja_AI_Route,14,30.74,2.39
ROUTE_150,Standard_Route,6,47.46,3.18
ROUTE_150,Ugunja_AI_Route,6,34.28,2.73
ROUTE_151,Standard_Route,8,91.6,4.91
ROUTE_151,Ugunja_AI_Route,8,70.95,4.19
ROUTE_152,Standard_Route,10,76.92,4.45
ROUTE_152,Ugunja_AI_Route,10,57.38,3.66
ROUTE_153,Ugunja_AI_Route,6,41.57,2.47
ROUTE_153,Standard_Route,6,58.73,2.99
ROUTE_154,Ugunja_AI_Route,12,80.24,4.21
ROUTE_154,Standard_Route,12,94.85,5.08
ROUTE_155,Ugunja_AI_Route,5,70.13,3.93
ROUTE_155,Standard_Route,5,93.03,4.46
ROUTE_156,Standard_Route,10,94.86,4.43
ROUTE_156,Ugunja_AI_Route,10,68.55,3.52
ROUTE_157,Standard_Route,9,85.45,4.28
ROUTE_157,Ugunja_AI_Route,9,68.34,3.21
ROUTE_158,Ugunja_AI_Route,11,23.18,1.94
ROUTE_158,Standard_Route,11,32.89,2.55
ROUTE_159,Ugunja_AI_Route,9,43.05,2.53
ROUTE_159,Standard_Route,9,57.62,3.34
ROUTE_16,Ugunja_AI_Route,13,82.23,3.75
ROUTE_16,Standard_Route,13,97.49,4.6
ROUTE_160,Standard_Route,6,53.98,2.78
ROUTE_160,Ugunja_AI_Route,6,40.34,2.34
ROUTE_161,Standard_Route,10,41.58,3.01
ROUTE_161,Ugunja_AI_Route,10,29.83,2.34
ROUTE_162,Standard_Route,9,76.15,4.42
ROUTE_162,Ugunja_AI_Route,9,57.64,3.86
ROUTE_163,Ugunja_AI_Route,12,48.03,3.27
ROUTE_163,Standard_Route,12,65.94,3.96
ROUTE_164,Standard_Route,12,59.36,3.15
ROUTE_164,Ugunja_AI_Route,12,44.37,2.48
ROUTE_165,Ugunja_AI_Route,12,26.72,2.06
ROUTE_165,Standard_Route,12,31.54,2.36
ROUTE_166,Standard_Route,6,98.94,5.03
ROUTE_166,Ugunja_AI_Route,6,77.93,3.88
ROUTE_167,Ugunja_AI_Route,5,56.18,3.32
ROUTE_167,Standard_Route,5,79.11,3.82
ROUTE_168,Ugunja_AI_Route,12,36.6,2.27
ROUTE_168,Standard_Route,12,44.69,2.65
ROUTE_169,Ugunja_AI_Route,13,30.47,1.66
ROUTE_169,Standard_Route,13,38.45,2.2
ROUTE_17,Standard_Route,13,57.78,3.66
ROUTE_17,Ugunja_AI_Route,13,46.46,2.95
ROUTE_170,Ugunja_AI_Route,13,62.06,3.8
ROUTE_170,Standard_Route,13,77.95,4.47
ROUTE_171,Standard_Route,5,33.66,1.88
ROUTE_171,Ugunja_AI_Route,5,25.73,1.54
ROUTE_172,Ugunja_AI_Route,8,73.0,3.76
ROUTE_172,Standard_Route,8,99.09,4.53
ROUTE_173,Standard_Route,13,70.59,3.46
ROUTE_173,Ugunja_AI_Route,13,53.02,2.83
ROUTE_174,Standard_Route,14,66.53,3.74
ROUTE_174,Ugunja_AI_Route,14,47.47,3.12
ROUTE_175,Standard_Route,6,32.24,1.87
ROUTE_175,Ugunja_AI_Route,6,22.66,1.55
ROUTE_176,Standard_Route,7,55.22,3.41
ROUTE_176,Ugunja_AI_Route,7,40.36,2.59
ROUTE_177,Standard_Route,8,96.28,4.54
ROUTE_177,Ugunja_AI_Route,8,67.95,3.5
ROUTE_178,Ugunja_AI_Route,7,28.93,2.25
ROUTE_178,Standard_Route,7,35.1,2.87
ROUTE_179,Ugunja_AI_Route,10,30.76,2.44
ROUTE_179,Standard_Route,10,37.58,2.74
ROUTE_18,Ugunja_AI_Route,8,53.75,2.83
ROUTE_18,Standard_Route,8,65.93,3.22
ROUTE_180,Standard_Route,13,39.52,2.24
ROUTE_180,Ugunja_AI_Route,13,30.26,1.91
ROUTE_181,Ugunja_AI_Route,14,36.73,2.43
ROUTE_181,Standard_Route,14,49.15,3.13
ROUTE_182,Ugunja_AI_Route,14,55.09,3.12
ROUTE_182,Standard_Route,14,68.68,3.92
ROUTE_183,Ugunja_AI_Route,6,66.53,3.01
ROUTE_183,Standard_Route,6,78.42,3.95
ROUTE_184,Ugunja_AI_Route,13,56.98,3.04
ROUTE_184,Standard_Route,13,67.28,3.59
ROUTE_185,Ugunja_AI_Route,9,79.61,4.1
ROUTE_185,Standard_Route,9,99.29,4.8
ROUTE_186,Ugunja_AI_Route,5,41.36,2.2
ROUTE_186,Standard_Route,5,49.64,2.78
ROUTE_187,Ugunja_AI_Route,8,41.31,3.0
ROUTE_187,Standard_Route,8,50.78,3.37
ROUTE_188,Standard_Route,11,50.55,3.28
ROUTE_188,Ugunja_AI_Route,11,39.38,2.67
ROUTE_189,Standard_Route,11,45.89,3.3
ROUTE_189,Ugunja_AI_Route,11,38.9,2.92
ROUTE_19,Ugunja_AI_Route,13,26.65,1.88
ROUTE_19,Standard_Route,13,37.0,2.32
ROUTE_190,Standard_Route,7,63.13,3.33
ROUTE_190,Ugunja_AI_Route,7,51.68,2.62
ROUTE_191,Standard_Route,14,63.65,3.82
ROUTE_191,Ugunja_AI_Route,14,51.23,3.09
ROUTE_192,Standard_Route,5,43.01,2.56
ROUTE_192,Ugunja_AI_Route,5,32.01,2.22
ROUTE_193,Standard_Route,14,91.57,4.83
ROUTE_193,Ugunja_AI_Route,14,67.78,3.76
ROUTE_194,Ugunja_AI_Route,13,56.31,3.09
ROUTE_194,Standard_Route,13,68.46,3.9
ROUTE_195,Ugunja_AI_Route,10,24.17,2.28
ROUTE_195,Standard_Route,10,31.14,2.58
ROUTE_196,Standard_Route,13,91.05,4.63
ROUTE_196,Ugunja_AI_Route,13,70.68,4.03
ROUTE_197,Standard_Route,12,63.81,4.03
ROUTE_197,Ugunja_AI_Route,12,47.06,3.2
ROUTE_198,Ugunja_AI_Route,7,40.54,2.17
ROUTE_198,Standard_Route,7,49.17,2.55
ROUTE_199,Standard_Route,11,84.61,4.26
ROUTE_199,Ugunja_AI_Route,11,65.17,3.42
ROUTE_2,Standard_Route,9,41.59,2.79
ROUTE_2,Ugunja_AI_Route,9,33.22,2.3
ROUTE_20,Ugunja_AI_Route,7,25.01,2.39
ROUTE_20,Standard_Route,7,34.34,2.79
ROUTE_200,Standard_Route,5,35.14,2.85
ROUTE_200,Ugunja_AI_Route,5,28.36,2.54
ROUTE_201,Standard_Route,6,87.09,4.25
ROUTE_201,Ugunja_AI_Route,6,66.27,3.73
ROUTE_202,Ugunja_AI_Route,10,57.57,3.63
ROUTE_202,Standard_Route,10,81.13,4.63
ROUTE_203,Ugunja_AI_Route,12,62.45,3.94
ROUTE_203,Standard_Route,12,79.04,4.55
ROUTE_204,Ugunja_AI_Route,8,64.05,3.22
ROUTE_204,Standard_Route,8,83.41,4.1
ROUTE_205,Ugunja_AI_Route,11,72.08,3.82
ROUTE_205,Standard_Route,11,93.76,4.74
ROUTE_206,Ugunja_AI_Route,9,50.04,3.06
ROUTE_206,Standard_Route,9,61.52,3.67
ROUTE_207,Ugunja_AI_Route,10,38.17,2.74
ROUTE_207,Standard_Route,10,49.31,3.47
ROUTE_208,Standard_Route,13,38.87,2.69
ROUTE_208,Ugunja_AI_Route,13,31.29,2.34
ROUTE_209,Standard_Route,5,82.32,3.95
ROUTE_209,Ugunja_AI_Route,5,69.79,3.27
ROUTE_21,Standard_Route,12,68.75,4.21
ROUTE_21,Ugunja_AI_Route,12,54.56,3.23
ROUTE_210,Standard_Route,7,71.5,3.47
ROUTE_210,Ugunja_AI_Route,7,60.36,2.69
ROUTE_211,Standard_Route,5,79.46,4.23
ROUTE_211,Ugunja_AI_Route,5,63.07,3.35
ROUTE_212,Standard_Route,10,72.52,4.2
ROUTE_212,Ugunja_AI_Route,10,56.34,3.7
ROUTE_213,Ugunja_AI_Route,8,32.01,1.63
ROUTE_213,Standard_Route,8,41.38,2.17
ROUTE_214,Ugunja_AI_Route,14,33.92,2.01
ROUTE_214,Standard_Route,14,42.13,2.55
ROUTE_215,Standard_Route,13,64.54,3.93
ROUTE_215,Ugunja_AI_Route,13,52.47,3.04
ROUTE_216,Standard_Route,6,73.9,4.35
ROUTE_216,Ugunja_AI_Route,6,52.46,3.7
ROUTE_217,Ugunja_AI_Route,10,51.79,2.84
ROUTE_217,Standard_Route,10,61.02,3.71
ROUTE_218,Standard_Route,7,62.03,3.63
ROUTE_218,Ugunja_AI_Route,7,50.95,3.26
ROUTE_219,Standard_Route,5,68.17,3.61
ROUTE_219,Ugunja_AI_Route,5,49.75,2.89
ROUTE_22,Standard_Route,11,56.42,2.98
ROUTE_22,Ugunja_AI_Route,11,46.24,2.4
ROUTE_220,Ugunja_AI_Route,6,36.68,1.92
ROUTE_220,Standard_Route,6,44.05,2.54
ROUTE_221,Standard_Route,13,49.62,3.05
ROUTE_221,Ugunja_AI_Route,13,41.66,2.34
ROUTE_222,Standard_Route,7,89.77,4.83
ROUTE_222,Ugunja_AI_Route,7,73.37,4.16
ROUTE_223,Ugunja_AI_Route,5,25.74,1.8
ROUTE_223,Standard_Route,5,33.62,2.09
ROUTE_224,Ugunja_AI_Route,14,54.54,3.6
ROUTE_224,Standard_Route,14,70.28,4.11
ROUTE_225,Standard_Route,9,67.31,3.58
ROUTE_225,Ugunja_AI_Route,9,54.97,2.8
ROUTE_226,Standard_Route,14,37.76,2.3
ROUTE_226,Ugunja_AI_Route,14,29.11,1.9
ROUTE_227,Standard_Route,9,50.57,2.74
ROUTE_227,Ugunja_AI_Route,9,40.53,2.18
ROUTE_228,Ugunja_AI_Route,5,43.35,2.31
ROUTE_228,Standard_Route,5,53.94,2.7
ROUTE_229,Ugunja_AI_Route,8,42.83,3.08
ROUTE_229,Standard_Route,8,55.9,3.43
ROUTE_23,Ugunja_AI_Route,10,39.85,3.2
ROUTE_23,Standard_Route,10,56.88,3.7
ROUTE_230,Ugunja_AI_Route,7,71.01,3.77
ROUTE_230,Standard_Route,7,89.45,4.19
ROUTE_231,Ugunja_AI_Route,13,81.66,3.82
ROUTE_231,Standard_Route,13,97.8,5.06
ROUTE_232,Ugunja_AI_Route,9,24.3,1.37
ROUTE_232,Standard_Route,9,32.2,1.81
ROUTE_233,Ugunja_AI_Route,13,40.53,2.64
ROUTE_233,Standard_Route,13,48.17,2.97
ROUTE_234,Ugunja_AI_Route,13,66.2,4.31
ROUTE_234,Standard_Route,13,84.9,4.88
ROUTE_235,Ugunja_AI_Route,9,48.95,2.67
ROUTE_235,Standard_Route,9,61.22,3.36
ROUTE_236,Ugunja_AI_Route,11,34.71,2.06
ROUTE_236,Standard_Route,11,46.13,2.75
ROUTE_237,Ugunja_AI_Route,9,71.86,3.35
ROUTE_237,Standard_Route,9,92.04,4.34
ROUTE_238,Ugunja_AI_Route,5,58.73,3.39
ROUTE_238,Standard_Route,5,72.61,4.36
ROUTE_239,Ugunja_AI_Route,11,31.46,2.31
ROUTE_239,Standard_Route,11,37.12,2.85
ROUTE_24,Ugunja_AI_Route,8,56.0,3.2
ROUTE_24,Standard_Route,8,69.03,3.77
ROUTE_240,Ugunja_AI_Route,5,61.22,2.87
ROUTE_240,Standard_Route,5,73.41,3.73
ROUTE_241,Standard_Route,9,74.17,4.01
ROUTE_241,Ugunja_AI_Route,9,56.96,3.51
ROUTE_242,Ugunja_AI_Route,12,60.63,3.55
ROUTE_242,Standard_Route,12,80.54,4.19
ROUTE_243,Standard_Route,11,48.81,3.11
ROUTE_243,Ugunja_AI_Route,11,35.76,2.41
ROUTE_244,Standard_Route,14,64.11,3.84
ROUTE_244,Ugunja_AI_Route,14,47.22,3.25
ROUTE_245,Standard_Route,6,74.29,3.95
ROUTE_245,Ugunja_AI_Route,6,58.48,3.45
ROUTE_246,Standard_Route,14,79.41,4.14
ROUTE_246,Ugunja_AI_Route,14,58.17,3.16
ROUTE_247,Standard_Route,12,69.69,3.51
ROUTE_247,Ugunja_AI_Route,12,48.87,3.1
ROUTE_248,Ugunja_AI_Route,5,42.94,2.88
ROUTE_248,Standard_Route,5,51.91,3.45
ROUTE_249,Standard_Route,8,84.32,4.64
ROUTE_249,Ugunja_AI_Route,8,60.69,4.04
ROUTE_25,Standard_Route,6,48.78,2.57
ROUTE_25,Ugunja_AI_Route,6,40.61,2.06
ROUTE_250,Standard_Route,12,98.11,4.48
ROUTE_250,Ugunja_AI_Route,12,70.69,3.84
ROUTE_251,Standard_Route,5,41.38,2.74
ROUTE_251,Ugunja_AI_Route,5,30.81,2.2
ROUTE_252,Ugunja_AI_Route,5,59.38,3.75
ROUTE_252,Standard_Route,5,73.98,4.23
ROUTE_253,Ugunja_AI_Route,12,27.28,2.47
ROUTE_253,Standard_Route,12,33.42,2.75
ROUTE_254,Standard_Route,9,81.15,3.89
ROUTE_254,Ugunja_AI_Route,9,59.2,3.21
ROUTE_255,Standard_Route,9,72.17,3.83
ROUTE_255,Ugunja_AI_Route,9,54.93,3.25
ROUTE_256,Ugunja_AI_Route,6,79.04,3.71
ROUTE_256,Standard_Route,6,99.12,4.6
ROUTE_257,Standard_Route,6,63.4,3.47
ROUTE_257,Ugunja_AI_Route,6,50.81,2.68
ROUTE_258,Ugunja_AI_Route,9,34.25,1.95
ROUTE_258,Standard_Route,9,41.36,2.6
ROUTE_259,Standard_Route,9,37.28,2.35
ROUTE_259,Ugunja_AI_Route,9,29.98,1.91
ROUTE_26,Standard_Route,6,98.89,4.84
ROUTE_26,Ugunja_AI_Route,6,80.44,3.75
ROUTE_260,Standard_Route,14,58.79,3.45
ROUTE_260,Ugunja_AI_Route,14,44.88,2.94
ROUTE_261,Standard_Route,13,30.56,1.99
ROUTE_261,Ugunja_AI_Route,13,25.14,1.55
ROUTE_262,Standard_Route,14,94.93,5.15
ROUTE_262,Ugunja_AI_Route,14,74.64,4.57
ROUTE_263,Standard_Route,8,84.77,4.55
ROUTE_263,Ugunja_AI_Route,8,70.35,3.45
ROUTE_264,Standard_Route,6,35.05,2.35
ROUTE_264,Ugunja_AI_Route,6,25.07,1.98
ROUTE_265,Standard_Route,14,58.62,3.11
ROUTE_265,Ugunja_AI_Route,14,46.91,2.41
ROUTE_266,Ugunja_AI_Route,8,29.31,2.16
ROUTE_266,Standard_Route,8,40.36,2.45
ROUTE_267,Standard_Route,11,87.46,4.71
ROUTE_267,Ugunja_AI_Route,11,73.19,3.6
ROUTE_268,Standard_Route,7,42.67,2.89
ROUTE_268,Ugunja_AI_Route,7,35.54,2.44
ROUTE_269,Standard_Route,6,91.97,4.32
ROUTE_269,Ugunja_AI_Route,6,72.86,3.66
ROUTE_27,Ugunja_AI_Route,10,68.69,3.29
ROUTE_27,Standard_Route,10,86.82,4.16
ROUTE_270,Standard_Route,6,54.97,3.38
ROUTE_270,Ugunja_AI_Route,6,39.67,2.6
ROUTE_271,Standard_Route,7,89.86,4.98
ROUTE_271,Ugunja_AI_Route,7,63.94,3.86
ROUTE_272,Standard_Route,9,36.87,2.21
ROUTE_272,Ugunja_AI_Route,9,30.25,1.87
ROUTE_273,Standard_Route,10,43.9,2.88
ROUTE_273,Ugunja_AI_Route,10,33.23,2.57
ROUTE_274,Standard_Route,10,73.96,3.54
ROUTE_274,Ugunja_AI_Route,10,56.11,2.96
ROUTE_275,Standard_Route,8,66.06,4.1
ROUTE_275,Ugunja_AI_Route,8,54.31,3.64
ROUTE_276,Ugunja_AI_Route,8,32.44,2.44
ROUTE_276,Standard_Route,8,43.75,2.74
ROUTE_277,Standard_Route,7,65.59,3.17
ROUTE_277,Ugunja_AI_Route,7,51.02,2.43
ROUTE_278,Standard_Route,6,44.1,2.79
ROUTE_278,Ugunja_AI_Route,6,33.72,2.17
ROUTE_279,Ugunja_AI_Route,14,53.05,3.21
ROUTE_279,Standard_Route,14,70.81,3.7
ROUTE_28,Standard_Route,6,74.91,3.82
ROUTE_28,Ugunja_AI_Route,6,52.77,3.33
ROUTE_280,Ugunja_AI_Route,6,47.59,2.13
ROUTE_280,Standard_Route,6,56.84,2.81
ROUTE_281,Standard_Route,10,65.27,3.35
ROUTE_281,Ugunja_AI_Route,10,46.68,2.81
ROUTE_282,Ugunja_AI_Route,12,32.32,2.19
ROUTE_282,Standard_Route,12,42.72,2.81
ROUTE_283,Ugunja_AI_Route,14,72.94,3.75
ROUTE_283,Standard_Route,14,91.28,4.83
ROUTE_284,Ugunja_AI_Route,10,31.8,2.01
ROUTE_284,Standard_Route,10,38.7,2.37
ROUTE_285,Ugunja_AI_Route,5,75.1,3.38
ROUTE_285,Standard_Route,5,91.37,4.18
ROUTE_286,Ugunja_AI_Route,7,40.98,2.48
ROUTE_286,Standard_Route,7,58.04,3.28
ROUTE_287,Standard_Route,6,85.01,3.99
ROUTE_287,Ugunja_AI_Route,6,69.09,3.47
ROUTE_288,Ugunja_AI_Route,5,51.48,2.87
ROUTE_288,Standard_Route,5,67.13,3.57
ROUTE_289,Ugunja_AI_Route,6,28.27,1.82
ROUTE_289,Standard_Route,6,38.44,2.25
ROUTE_29,Ugunja_AI_Route,12,60.56,3.76
ROUTE_29,Standard_Route,12,82.28,4.19
ROUTE_290,Ugunja_AI_Route,13,47.16,3.3
ROUTE_290,Standard_Route,13,67.24,4.06
ROUTE_291,Standard_Route,6,31.25,2.64
ROUTE_291,Ugunja_AI_Route,6,25.37,2.16
ROUTE_292,Ugunja_AI_Route,14,69.59,3.75
ROUTE_292,Standard_Route,14,87.8,4.34
ROUTE_293,Standard_Route,13,46.17,2.69
ROUTE_293,Ugunja_AI_Route,13,33.86,2.2
ROUTE_294,Standard_Route,10,86.81,4.5
ROUTE_294,Ugunja_AI_Route,10,70.4,3.38
ROUTE_295,Standard_Route,11,38.81,2.82
ROUTE_295,Ugunja_AI_Route,11,31.55,2.54
ROUTE_296,Standard_Route,13,83.08,4.65
ROUTE_296,Ugunja_AI_Route,13,59.55,3.94
ROUTE_297,Standard_Route,9,52.59,2.65
ROUTE_297,Ugunja_AI_Route,9,42.74,2.29
ROUTE_298,Standard_Route,14,60.61,3.67
ROUTE_298,Ugunja_AI_Route,14,47.23,2.88
ROUTE_299,Ugunja_AI_Route,12,28.27,1.7
ROUTE_299,Standard_Route,12,35.99,2.15
ROUTE_3,Standard_Route,10,56.15,3.44
ROUTE_3,Ugunja_AI_Route,10,47.01,3.06
ROUTE_30,Standard_Route,14,48.19,3.0
ROUTE_30,Ugunja_AI_Route,14,39.61,2.68
ROUTE_300,Standard_Route,14,64.4,3.96
ROUTE_300,Ugunja_AI_Route,14,45.55,2.98
ROUTE_301,Standard_Route,11,66.67,3.52
ROUTE_301,Ugunja_AI_Route,11,52.26,3.04
ROUTE_302,Standard_Route,9,62.5,3.88
ROUTE_302,Ugunja_AI_Route,9,50.81,3.21
ROUTE_303,Standard_Route,6,77.72,4.16
ROUTE_303,Ugunja_AI_Route,6,63.52,3.38
ROUTE_304,Standard_Route,5,62.33,3.25
ROUTE_304,Ugunja_AI_Route,5,47.51,2.49
ROUTE_305,Ugunja_AI_Route,6,70.82,3.42
ROUTE_305,Standard_Route,6,83.55,4.34
ROUTE_306,Ugunja_AI_Route,13,36.99,2.25
ROUTE_306,Standard_Route,13,47.71,2.74
ROUTE_307,Standard_Route,9,70.06,3.36
ROUTE_307,Ugunja_AI_Route,9,57.26,2.83
ROUTE_308,Standard_Route,14,30.11,2.17
ROUTE_308,Ugunja_AI_Route,14,22.44,1.69
ROUTE_309,Standard_Route,14,58.02,3.68
ROUTE_309,Ugunja_AI_Route,14,48.71,2.88
ROUTE_31,Standard_Route,11,60.28,3.15
ROUTE_31,Ugunja_AI_Route,11,47.2,2.38
ROUTE_310,Standard_Route,12,95.39,4.44
ROUTE_310,Ugunja_AI_Route,12,78.74,3.45
ROUTE_311,Standard_Route,13,94.08,4.97
ROUTE_311,Ugunja_AI_Route,13,73.01,3.89
ROUTE_312,Ugunja_AI_Route,7,50.34,2.82
ROUTE_312,Standard_Route,7,61.9,3.42
ROUTE_313,Ugunja_AI_Route,5,78.67,4.26
ROUTE_313,Standard_Route,5,98.05,4.88
ROUTE_314,Ugunja_AI_Route,12,33.75,1.88
ROUTE_314,Standard_Route,12,41.88,2.49
ROUTE_315,Ugunja_AI_Route,5,42.94,3.0
ROUTE_315,Standard_Route,5,54.36,3.37
ROUTE_316,Ugunja_AI_Route,12,25.08,2.19
ROUTE_316,Standard_Route,12,32.33,2.45
ROUTE_317,Standard_Route,10,36.33,2.92
ROUTE_317,Ugunja_AI_Route,10,29.15,2.5
ROUTE_318,Standard_Route,7,43.53,3.13
ROUTE_318,Ugunja_AI_Route,7,35.16,2.65
ROUTE_319,Standard_Route,13,99.75,5.44
ROUTE_319,Ugunja_AI_Route,13,74.81,4.82
ROUTE_32,Ugunja_AI_Route,7,62.72,3.22
ROUTE_32,Standard_Route,7,81.73,4.08
ROUTE_320,Standard_Route,9,93.04,5.02
ROUTE_320,Ugunja_AI_Route,9,77.28,4.44
ROUTE_321,Standard_Route,13,63.92,4.03
ROUTE_321,Ugunja_AI_Route,13,52.46,3.41
ROUTE_322,Standard_Route,11,48.06,2.92
ROUTE_322,Ugunja_AI_Route,11,40.28,2.27
ROUTE_323,Ugunja_AI_Route,14,46.85,2.86
ROUTE_323,Standard_Route,14,58.37,3.71
ROUTE_324,Standard_Route,6,44.76,3.27
ROUTE_324,Ugunja_AI_Route,6,33.08,2.69
ROUTE_325,Ugunja_AI_Route,9,75.88,4.03
ROUTE_325,Standard_Route,9,96.83,4.52
ROUTE_326,Standard_Route,13,39.58,2.51
ROUTE_326,Ugunja_AI_Route,13,30.89,2.03
ROUTE_327,Standard_Route,13,66.22,3.76
ROUTE_327,Ugunja_AI_Route,13,51.39,2.86
ROUTE_328,Ugunja_AI_Route,14,63.19,3.83
ROUTE_328,Standard_Route,14,77.79,4.32
ROUTE_329,Ugunja_AI_Route,10,45.37,2.62
ROUTE_329,Standard_Route,10,59.71,3.25
ROUTE_33,Standard_Route,12,49.86,3.42
ROUTE_33,Ugunja_AI_Route,12,36.46,3.02
ROUTE_330,Ugunja_AI_Route,6,24.14,2.04
ROUTE_330,Standard_Route,6,33.83,2.71
ROUTE_331,Standard_Route,11,73.54,4.16
ROUTE_331,Ugunja_AI_Route,11,52.06,3.37
ROUTE_332,Ugunja_AI_Route,12,23.54,1.54
ROUTE_332,Standard_Route,12,31.58,1.92
ROUTE_333,Standard_Route,13,84.17,4.37
ROUTE_333,Ugunja_AI_Route,13,63.0,3.67
ROUTE_334,Standard_Route,11,67.88,3.52
ROUTE_334,Ugunja_AI_Route,11,51.44,2.75
ROUTE_335,Ugunja_AI_Route,13,31.31,2.39
ROUTE_335,Standard_Route,13,40.04,3.09
ROUTE_336,Ugunja_AI_Route,6,55.34,3.11
ROUTE_336,Standard_Route,6,71.23,3.89
ROUTE_337,Ugunja_AI_Route,7,29.46,1.92
ROUTE_337,Standard_Route,7,39.83,2.19
ROUTE_338,Standard_Route,13,95.69,5.13
ROUTE_338,Ugunja_AI_Route,13,78.58,4.6
ROUTE_339,Standard_Route,13,37.87,2.85
ROUTE_339,Ugunja_AI_Route,13,27.97,2.35
ROUTE_34,Ugunja_AI_Route,10,62.46,3.89
ROUTE_34,Standard_Route,10,84.66,4.8
ROUTE_340,Standard_Route,8,98.35,5.01
ROUTE_340,Ugunja_AI_Route,8,69.58,4.35
ROUTE_341,Standard_Route,13,56.09,2.76
ROUTE_341,Ugunja_AI_Route,13,42.64,2.14
ROUTE_342,Standard_Route,8,48.34,2.91
ROUTE_342,Ugunja_AI_Route,8,37.73,2.3
ROUTE_343,Ugunja_AI_Route,5,39.22,2.38
ROUTE_343,Standard_Route,5,54.52,2.83
ROUTE_344,Standard_Route,14,73.97,4.01
ROUTE_344,Ugunja_AI_Route,14,55.67,3.31
ROUTE_345,Standard_Route,7,83.31,3.95
ROUTE_345,Ugunja_AI_Route,7,63.72,3.46
ROUTE_346,Ugunja_AI_Route,8,68.04,3.5
ROUTE_346,Standard_Route,8,91.03,4.24
ROUTE_347,Standard_Route,7,83.63,3.96
ROUTE_347,Ugunja_AI_Route,7,68.75,3.38
ROUTE_348,Ugunja_AI_Route,10,45.36,3.14
ROUTE_348,Standard_Route,10,62.69,3.89
ROUTE_349,Ugunja_AI_Route,13,56.05,2.79
ROUTE_349,Standard_Route,13,66.98,3.28
ROUTE_35,Standard_Route,10,67.76,3.9
ROUTE_35,Ugunja_AI_Route,10,51.93,3.39
ROUTE_350,Ugunja_AI_Route,11,40.01,2.6
ROUTE_350,Standard_Route,11,47.68,3.29
ROUTE_351,Ugunja_AI_Route,8,72.16,3.16
ROUTE_351,Standard_Route,8,92.47,4.21
ROUTE_352,Standard_Route,10,37.02,2.53
ROUTE_352,Ugunja_AI_Route,10,27.04,2.06
ROUTE_353,Ugunja_AI_Route,5,46.68,2.39
ROUTE_353,Standard_Route,5,59.43,3.06
ROUTE_354,Ugunja_AI_Route,10,33.24,2.01
ROUTE_354,Standard_Route,10,45.68,2.35
ROUTE_355,Ugunja_AI_Route,13,41.62,2.85
ROUTE_355,Standard_Route,13,56.18,3.2
ROUTE_356,Standard_Route,9,88.95,4.73
ROUTE_356,Ugunja_AI_Route,9,65.39,4.2
ROUTE_357,Ugunja_AI_Route,12,61.5,3.84
ROUTE_357,Standard_Route,12,85.14,4.54
ROUTE_358,Standard_Route,8,57.86,3.02
ROUTE_358,Ugunja_AI_Route,8,48.29,2.6
ROUTE_359,Ugunja_AI_Route,6,45.89,2.41
ROUTE_359,Standard_Route,6,56.59,3.13
ROUTE_36,Ugunja_AI_Route,6,31.39,2.34
ROUTE_36,Standard_Route,6,41.1,3.01
ROUTE_360,Standard_Route,5,44.57,2.59
ROUTE_360,Ugunja_AI_Route,5,32.23,2.21
ROUTE_361,Standard_Route,12,43.51,2.26
ROUTE_361,Ugunja_AI_Route,12,31.16,1.91
ROUTE_362,Standard_Route,6,69.85,4.23
ROUTE_362,Ugunja_AI_Route,6,53.55,3.8
ROUTE_363,Standard_Route,7,53.78,2.89
ROUTE_363,Ugunja_AI_Route,7,45.35,2.29
ROUTE_364,Standard_Route,10,88.14,5.0
ROUTE_364,Ugunja_AI_Route,10,62.78,3.93
ROUTE_365,Ugunja_AI_Route,10,53.87,3.29
ROUTE_365,Standard_Route,10,73.31,4.1
ROUTE_366,Standard_Route,7,39.14,2.2
ROUTE_366,Ugunja_AI_Route,7,29.09,1.67
ROUTE_367,Standard_Route,7,53.99,3.2
ROUTE_367,Ugunja_AI_Route,7,38.3,2.4
ROUTE_368,Ugunja_AI_Route,5,36.64,2.19
ROUTE_368,Standard_Route,5,48.53,2.57
ROUTE_369,Ugunja_AI_Route,13,67.18,4.07
ROUTE_369,Standard_Route,13,91.41,4.97
ROUTE_37,Ugunja_AI_Route,12,54.03,3.25
ROUTE_37,Standard_Route,12,73.97,3.88
ROUTE_370,Ugunja_AI_Route,12,69.92,3.54
ROUTE_370,Standard_Route,12,92.09,4.49
ROUTE_371,Ugunja_AI_Route,12,79.78,4.08
ROUTE_371,Standard_Route,12,98.79,4.98
ROUTE_372,Standard_Route,10,99.03,4.58
ROUTE_372,Ugunja_AI_Route,10,77.28,3.73
ROUTE_373,Standard_Route,11,97.69,5.27
ROUTE_373,Ugunja_AI_Route,11,80.64,4.43
ROUTE_374,Standard_Route,8,45.66,2.44
ROUTE_374,Ugunja_AI_Route,8,37.24,1.91
ROUTE_375,Ugunja_AI_Route,11,40.93,2.19
ROUTE_375,Standard_Route,11,54.97,2.8
ROUTE_376,Standard_Route,12,34.16,2.79
ROUTE_376,Ugunja_AI_Route,12,24.31,2.12
ROUTE_377,Standard_Route,11,86.39,4.48
ROUTE_377,Ugunja_AI_Route,11,72.64,3.93
ROUTE_378,Standard_Route,13,86.51,4.84
ROUTE_378,Ugunja_AI_Route,13,67.1,4.26
ROUTE_379,Standard_Route,5,71.6,4.03
ROUTE_379,Ugunja_AI_Route,5,56.65,3.43
ROUTE_38,Standard_Route,9,71.98,4.22
ROUTE_38,Ugunja_AI_Route,9,51.31,3.41
ROUTE_380,Standard_Route,11,42.69,2.6
ROUTE_380,Ugunja_AI_Route,11,33.41,2.3
ROUTE_381,Standard_Route,9,65.37,3.75
ROUTE_381,Ugunja_AI_Route,9,52.71,3.0
ROUTE_382,Standard_Route,10,40.08,2.96
ROUTE_382,Ugunja_AI_Route,10,30.55,2.37
ROUTE_383,Ugunja_AI_Route,5,60.53,2.97
ROUTE_383,Standard_Route,5,77.17,3.94
ROUTE_384,Ugunja_AI_Route,7,28.98,2.01
ROUTE_384,Standard_Route,7,39.8,2.46
ROUTE_385,Ugunja_AI_Route,5,27.31,1.75
ROUTE_385,Standard_Route,5,33.49,2.19
ROUTE_386,Ugunja_AI_Route,7,74.26,3.85
ROUTE_386,Standard_Route,7,90.0,4.58
ROUTE_387,Ugunja_AI_Route,14,35.39,2.27
ROUTE_387,Standard_Route,14,42.2,2.83
ROUTE_388,Ugunja_AI_Route,13,62.0,3.35
ROUTE_388,Standard_Route,13,77.0,3.97
ROUTE_389,Standard_Route,10,67.18,3.58
ROUTE_389,Ugunja_AI_Route,10,49.79,2.72
ROUTE_39,Standard_Route,8,69.23,3.42
ROUTE_39,Ugunja_AI_Route,8,51.47,2.93
ROUTE_390,Standard_Route,10,52.81,3.61
ROUTE_390,Ugunja_AI_Route,10,41.63,2.91
ROUTE_391,Standard_Route,6,96.45,4.65
ROUTE_391,Ugunja_AI_Route,6,72.59,3.7
ROUTE_392,Ugunja_AI_Route,11,76.4,3.86
ROUTE_392,Standard_Route,11,93.11,4.3
ROUTE_393,Ugunja_AI_Route,6,64.11,3.57
ROUTE_393,Standard_Route,6,82.33,4.14
ROUTE_394,Ugunja_AI_Route,10,46.44,2.64
ROUTE_394,Standard_Route,10,63.04,3.27
ROUTE_395,Ugunja_AI_Route,11,54.19,3.19
ROUTE_395,Standard_Route,11,63.98,4.05
ROUTE_396,Ugunja_AI_Route,9,29.07,1.83
ROUTE_396,Standard_Route,9,34.37,2.09
ROUTE_397,Ugunja_AI_Route,8,64.42,3.1
ROUTE_397,Standard_Route,8,83.69,4.0
ROUTE_398,Standard_Route,5,70.81,3.83
ROUTE_398,Ugunja_AI_Route,5,59.43,3.22
ROUTE_399,Ugunja_AI_Route,6,45.8,3.02
ROUTE_399,Standard_Route,6,61.86,3.81
ROUTE_4,Ugunja_AI_Route,8,76.84,4.13
ROUTE_4,Standard_Route,8,98.28,5.18
ROUTE_40,Standard_Route,7,99.21,5.1
ROUTE_40,Ugunja_AI_Route,7,84.3,3.87
ROUTE_400,Ugunja_AI_Route,7,45.27,3.02
ROUTE_400,Standard_Route,7,56.84,3.73
ROUTE_401,Ugunja_AI_Route,12,56.83,3.08
ROUTE_401,Standard_Route,12,73.51,3.44
ROUTE_402,Ugunja_AI_Route,13,28.53,2.09
ROUTE_402,Standard_Route,13,34.07,2.33
ROUTE_403,Standard_Route,5,32.13,2.7
ROUTE_403,Ugunja_AI_Route,5,23.43,2.41
ROUTE_404,Ugunja_AI_Route,8,57.23,3.67
ROUTE_404,Standard_Route,8,76.93,4.28
ROUTE_405,Ugunja_AI_Route,13,46.49,2.93
ROUTE_405,Standard_Route,13,60.91,3.83
ROUTE_406,Standard_Route,6,73.29,3.57
ROUTE_406,Ugunja_AI_Route,6,52.62,2.71
ROUTE_407,Ugunja_AI_Route,7,66.51,3.53
ROUTE_407,Standard_Route,7,79.24,4.66
ROUTE_408,Standard_Route,14,86.02,4.37
ROUTE_408,Ugunja_AI_Route,14,69.8,3.39
ROUTE_409,Standard_Route,5,82.24,4.45
ROUTE_409,Ugunja_AI_Route,5,64.37,3.53
ROUTE_41,Standard_Route,9,50.02,3.26
ROUTE_41,Ugunja_AI_Route,9,37.54,2.84
ROUTE_410,Ugunja_AI_Route,14,25.37,1.88
ROUTE_410,Standard_Route,14,31.56,2.21
ROUTE_411,Standard_Route,6,91.57,5.11
ROUTE_411,Ugunja_AI_Route,6,71.01,3.86
ROUTE_412,Ugunja_AI_Route,7,37.59,1.89
ROUTE_412,Standard_Route,7,44.73,2.39
ROUTE_413,Standard_Route,7,54.07,3.3
ROUTE_413,Ugunja_AI_Route,7,39.58,2.73
ROUTE_414,Ugunja_AI_Route,6,42.87,3.0
ROUTE_414,Standard_Route,6,54.58,3.45
ROUTE_415,Standard_Route,11,43.37,3.18
ROUTE_415,Ugunja_AI_Route,11,31.02,2.47
ROUTE_416,Standard_Route,9,50.86,3.33
ROUTE_416,Ugunja_AI_Route,9,37.91,2.89
ROUTE_417,Ugunja_AI_Route,6,70.35,3.43
ROUTE_417,Standard_Route,6,86.95,4.34
ROUTE_418,Standard_Route,9,74.32,4.04
ROUTE_418,Ugunja_AI_Route,9,57.89,3.38
ROUTE_419,Standard_Route,7,97.94,5.27
ROUTE_419,Ugunja_AI_Route,7,78.74,4.52
ROUTE_42,Ugunja_AI_Route,6,36.71,2.6
ROUTE_42,Standard_Route,6,51.98,3.3
ROUTE_420,Ugunja_AI_Route,8,55.29,3.05
ROUTE_420,Standard_Route,8,72.7,3.43
ROUTE_421,Ugunja_AI_Route,10,64.61,4.0
ROUTE_421,Standard_Route,10,90.91,4.78
ROUTE_422,Ugunja_AI_Route,7,58.07,3.79
ROUTE_422,Standard_Route,7,71.2,4.27
ROUTE_423,Ugunja_AI_Route,10,28.05,2.03
ROUTE_423,Standard_Route,10,39.49,2.67
ROUTE_424,Standard_Route,5,37.06,2.78
ROUTE_424,Ugunja_AI_Route,5,30.34,2.36
ROUTE_425,Standard_Route,13,62.96,3.32
ROUTE_425,Ugunja_AI_Route,13,49.42,2.55
ROUTE_426,Standard_Route,10,98.97,5.29
ROUTE_426,Ugunja_AI_Route,10,77.98,4.74
ROUTE_427,Standard_Route,10,36.01,2.02
ROUTE_427,Ugunja_AI_Route,10,27.26,1.77
ROUTE_428,Standard_Route,11,65.13,3.42
ROUTE_428,Ugunja_AI_Route,11,48.78,2.81
ROUTE_429,Standard_Route,13,95.63,4.39
ROUTE_429,Ugunja_AI_Route,13,72.92,3.58
ROUTE_43,Standard_Route,5,74.17,3.87
ROUTE_43,Ugunja_AI_Route,5,59.43,3.32
ROUTE_430,Standard_Route,10,99.8,4.78
ROUTE_430,Ugunja_AI_Route,10,77.08,3.81
ROUTE_431,Ugunja_AI_Route,10,31.56,2.11
ROUTE_431,Standard_Route,10,38.66,2.38
ROUTE_432,Ugunja_AI_Route,6,54.86,3.39
ROUTE_432,Standard_Route,6,71.3,4.28
ROUTE_433,Standard_Route,5,39.39,3.02
ROUTE_433,Ugunja_AI_Route,5,32.17,2.69
ROUTE_434,Standard_Route,8,60.56,3.68
ROUTE_434,Ugunja_AI_Route,8,49.3,3.09
ROUTE_435,Standard_Route,8,68.19,3.88
ROUTE_435,Ugunja_AI_Route,8,56.75,3.39
ROUTE_436,Standard_Route,12,58.96,3.21
ROUTE_436,Ugunja_AI_Route,12,42.1,2.51
ROUTE_437,Ugunja_AI_Route,14,35.25,2.33
ROUTE_437,Standard_Route,14,41.71,2.91
ROUTE_438,Standard_Route,9,35.45,2.75
ROUTE_438,Ugunja_AI_Route,9,29.52,2.12
ROUTE_439,Standard_Route,6,86.6,4.07
ROUTE_439,Ugunja_AI_Route,6,73.17,3.56
ROUTE_44,Ugunja_AI_Route,9,21.95,2.07
ROUTE_44,Standard_Route,9,31.26,2.74
ROUTE_440,Ugunja_AI_Route,8,56.36,3.78
ROUTE_440,Standard_Route,8,79.9,4.54
ROUTE_441,Standard_Route,13,57.72,3.8
ROUTE_441,Ugunja_AI_Route,13,42.75,3.1
ROUTE_442,Standard_Route,8,61.51,3.04
ROUTE_442,Ugunja_AI_Route,8,43.92,2.33
ROUTE_443,Standard_Route,14,50.62,2.62
ROUTE_443,Ugunja_AI_Route,14,37.98,2.28
ROUTE_444,Ugunja_AI_Route,12,69.05,3.26
ROUTE_444,Standard_Route,12,82.01,3.8
ROUTE_445,Ugunja_AI_Route,12,34.33,2.27
ROUTE_445,Standard_Route,12,48.81,2.64
ROUTE_446,Standard_Route,5,45.57,2.74
ROUTE_446,Ugunja_AI_Route,5,32.73,2.28
ROUTE_447,Standard_Route,10,94.26,5.26
ROUTE_447,Ugunja_AI_Route,10,75.9,4.5
ROUTE_448,Standard_Route,7,93.3,4.77
ROUTE_448,Ugunja_AI_Route,7,78.04,3.87
ROUTE_449,Standard_Route,6,76.11,3.99
ROUTE_449,Ugunja_AI_Route,6,64.57,3.05
ROUTE_45,Standard_Route,8,88.46,4.85
ROUTE_45,Ugunja_AI_Route,8,63.06,3.86
ROUTE_450,Ugunja_AI_Route,13,57.59,3.53
ROUTE_450,Standard_Route,13,68.78,4.15
ROUTE_451,Ugunja_AI_Route,12,23.72,1.61
ROUTE_451,Standard_Route,12,30.93,1.81
ROUTE_452,Standard_Route,12,61.36,3.15
ROUTE_452,Ugunja_AI_Route,12,51.49,2.64
ROUTE_453,Ugunja_AI_Route,9,65.78,3.85
ROUTE_453,Standard_Route,9,93.66,4.59
ROUTE_454,Standard_Route,12,74.23,3.62
ROUTE_454,Ugunja_AI_Route,12,61.95,2.93
ROUTE_455,Ugunja_AI_Route,5,68.31,3.77
ROUTE_455,Standard_Route,5,89.86,4.29
ROUTE_456,Ugunja_AI_Route,13,77.13,4.15
ROUTE_456,Standard_Route,13,98.46,5.1
ROUTE_457,Standard_Route,13,59.33,3.63
ROUTE_457,Ugunja_AI_Route,13,46.12,3.23
ROUTE_458,Ugunja_AI_Route,14,28.2,2.12
ROUTE_458,Standard_Route,14,37.66,2.38
ROUTE_459,Ugunja_AI_Route,13,53.41,3.11
ROUTE_459,Standard_Route,13,74.07,3.99
ROUTE_46,Standard_Route,5,67.12,4.14
ROUTE_46,Ugunja_AI_Route,5,51.58,3.39
ROUTE_460,Standard_Route,8,53.84,3.36
ROUTE_460,Ugunja_AI_Route,8,45.49,2.54
ROUTE_461,Ugunja_AI_Route,9,33.05,2.4
ROUTE_461,Standard_Route,9,46.83,2.89
ROUTE_462,Ugunja_AI_Route,8,33.43,2.12
ROUTE_462,Standard_Route,8,43.49,2.7
ROUTE_463,Standard_Route,12,62.18,3.56
ROUTE_463,Ugunja_AI_Route,12,49.89,2.77
ROUTE_464,Standard_Route,10,54.34,2.94
ROUTE_464,Ugunja_AI_Route,10,44.63,2.44
ROUTE_465,Ugunja_AI_Route,7,54.09,2.67
ROUTE_465,Standard_Route,7,67.99,3.49
ROUTE_466,Standard_Route,9,92.8,4.42
ROUTE_466,Ugunja_AI_Route,9,75.95,3.53
ROUTE_467,Ugunja_AI_Route,11,24.8,2.23
ROUTE_467,Standard_Route,11,30.69,2.7
ROUTE_468,Standard_Route,12,41.11,2.44
ROUTE_468,Ugunja_AI_Route,12,31.21,2.09
ROUTE_469,Ugunja_AI_Route,7,46.35,2.63
ROUTE_469,Standard_Route,7,63.27,3.17
ROUTE_47,Standard_Route,5,84.24,3.95
ROUTE_47,Ugunja_AI_Route,5,70.41,3.51
ROUTE_470,Ugunja_AI_Route,11,68.11,3.11
ROUTE_470,Standard_Route,11,88.29,4.07
ROUTE_471,Ugunja_AI_Route,13,61.82,3.17
ROUTE_471,Standard_Route,13,83.73,4.06
ROUTE_472,Ugunja_AI_Route,5,57.98,3.44
ROUTE_472,Standard_Route,5,81.47,4.26
ROUTE_473,Ugunja_AI_Route,8,44.05,2.38
ROUTE_473,Standard_Route,8,56.27,3.17
ROUTE_474,Standard_Route,9,74.46,4.32
ROUTE_474,Ugunja_AI_Route,9,52.3,3.46
ROUTE_475,Ugunja_AI_Route,5,39.35,2.2
ROUTE_475,Standard_Route,5,49.72,2.84
ROUTE_476,Standard_Route,10,62.96,3.05
ROUTE_476,Ugunja_AI_Route,10,46.52,2.4
ROUTE_477,Standard_Route,12,55.93,3.34
ROUTE_477,Ugunja_AI_Route,12,45.96,2.79
ROUTE_478,Standard_Route,10,77.92,4.19
ROUTE_478,Ugunja_AI_Route,10,58.76,3.48
ROUTE_479,Standard_Route,10,91.69,4.3
ROUTE_479,Ugunja_AI_Route,10,69.45,3.74
ROUTE_48,Standard_Route,13,63.22,3.95
ROUTE_48,Ugunja_AI_Route,13,48.96,3.01
ROUTE_480,Standard_Route,6,41.57,2.36
ROUTE_480,Ugunja_AI_Route,6,31.14,1.94
ROUTE_481,Standard_Route,6,32.81,2.28
ROUTE_481,Ugunja_AI_Route,6,27.3,1.96
ROUTE_482,Standard_Route,12,80.08,4.68
ROUTE_482,Ugunja_AI_Route,12,63.56,3.66
ROUTE_483,Standard_Route,8,75.82,3.83
ROUTE_483,Ugunja_AI_Route,8,63.27,2.95
ROUTE_484,Standard_Route,6,38.68,2.17
ROUTE_484,Ugunja_AI_Route,6,31.02,1.87
ROUTE_485,Ugunja_AI_Route,12,49.21,2.84
ROUTE_485,Standard_Route,12,61.28,3.24
ROUTE_486,Standard_Route,12,35.62,2.69
ROUTE_486,Ugunja_AI_Route,12,26.04,2.4
ROUTE_487,Ugunja_AI_Route,12,26.73,2.24
ROUTE_487,Standard_Route,12,36.96,2.71
ROUTE_488,Standard_Route,10,66.1,3.26
ROUTE_488,Ugunja_AI_Route,10,48.55,2.51
ROUTE_489,Standard_Route,10,65.61,3.52
ROUTE_489,Ugunja_AI_Route,10,55.65,2.8
ROUTE_49,Standard_Route,13,87.22,4.89
ROUTE_49,Ugunja_AI_Route,13,73.39,3.88
ROUTE_490,Standard_Route,12,65.17,3.12
ROUTE_490,Ugunja_AI_Route,12,51.39,2.39
ROUTE_491,Standard_Route,14,30.52,2.46
ROUTE_491,Ugunja_AI_Route,14,25.79,2.1
ROUTE_492,Standard_Route,5,86.03,4.41
ROUTE_492,Ugunja_AI_Route,5,66.45,3.62
ROUTE_493,Ugunja_AI_Route,8,64.37,3.63
ROUTE_493,Standard_Route,8,90.14,4.25
ROUTE_494,Ugunja_AI_Route,5,69.07,4.03
ROUTE_494,Standard_Route,5,97.97,5.06
ROUTE_495,Standard_Route,14,50.2,3.43
ROUTE_495,Ugunja_AI_Route,14,38.46,2.59
ROUTE_496,Standard_Route,5,92.09,5.09
ROUTE_496,Ugunja_AI_Route,5,73.25,4.19
ROUTE_497,Ugunja_AI_Route,8,58.07,3.29
ROUTE_497,Standard_Route,8,80.14,4.17
ROUTE_498,Ugunja_AI_Route,6,26.4,2.42
ROUTE_498,Standard_Route,6,33.91,2.71
ROUTE_499,Standard_Route,14,61.58,3.73
ROUTE_499,Ugunja_AI_Route,14,47.15,3.07
ROUTE_5,Ugunja_AI_Route,14,34.31,2.6
ROUTE_5,Standard_Route,14,45.76,3.31
ROUTE_50,Ugunja_AI_Route,5,67.04,3.23
ROUTE_50,Standard_Route,5,80.52,4.24
ROUTE_500,Ugunja_AI_Route,5,58.36,3.83
ROUTE_500,Standard_Route,5,77.7,4.36
ROUTE_501,Standard_Route,14,38.94,2.34
ROUTE_501,Ugunja_AI_Route,14,32.87,1.99
ROUTE_502,Standard_Route,14,92.29,4.97
ROUTE_502,Ugunja_AI_Route,14,69.33,3.93
ROUTE_503,Standard_Route,14,45.85,2.36
ROUTE_503,Ugunja_AI_Route,14,33.46,1.97
ROUTE_504,Standard_Route,8,63.37,3.2
ROUTE_504,Ugunja_AI_Route,8,47.21,2.63
ROUTE_505,Standard_Route,8,94.63,4.8
ROUTE_505,Ugunja_AI_Route,8,78.95,3.82
ROUTE_506,Standard_Route,14,97.61,4.97
ROUTE_506,Ugunja_AI_Route,14,73.5,4.25
ROUTE_507,Standard_Route,14,58.17,3.42
ROUTE_507,Ugunja_AI_Route,14,41.15,2.61
ROUTE_508,Standard_Route,8,58.34,3.66
ROUTE_508,Ugunja_AI_Route,8,46.53,3.08
ROUTE_509,Standard_Route,12,45.08,2.77
ROUTE_509,Ugunja_AI_Route,12,37.76,2.08
ROUTE_51,Standard_Route,9,78.96,3.82
ROUTE_51,Ugunja_AI_Route,9,60.31,3.3
ROUTE_510,Standard_Route,6,47.58,3.21
ROUTE_510,Ugunja_AI_Route,6,33.99,2.42
ROUTE_511,Ugunja_AI_Route,6,71.46,4.06
ROUTE_511,Standard_Route,6,85.33,4.73
ROUTE_512,Ugunja_AI_Route,12,41.62,2.31
ROUTE_512,Standard_Route,12,51.06,2.71
ROUTE_513,Ugunja_AI_Route,10,29.6,2.0
ROUTE_513,Standard_Route,10,35.23,2.23
ROUTE_514,Ugunja_AI_Route,14,36.7,2.21
ROUTE_514,Standard_Route,14,50.93,2.69
ROUTE_515,Ugunja_AI_Route,5,73.25,3.66
ROUTE_515,Standard_Route,5,90.02,4.17
ROUTE_516,Standard_Route,9,97.15,5.35
ROUTE_516,Ugunja_AI_Route,9,79.15,4.17
ROUTE_517,Ugunja_AI_Route,6,35.42,1.9
ROUTE_517,Standard_Route,6,48.7,2.47
ROUTE_518,Ugunja_AI_Route,6,32.97,2.24
ROUTE_518,Standard_Route,6,40.57,2.76
ROUTE_519,Standard_Route,13,88.79,4.12
ROUTE_519,Ugunja_AI_Route,13,64.97,3.46
ROUTE_52,Ugunja_AI_Route,10,66.5,3.77
ROUTE_52,Standard_Route,10,83.49,4.28
ROUTE_520,Standard_Route,13,32.31,2.15
ROUTE_520,Ugunja_AI_Route,13,25.89,1.92
ROUTE_521,Ugunja_AI_Route,9,57.23,3.4
ROUTE_521,Standard_Route,9,75.59,4.0
ROUTE_522,Standard_Route,7,77.74,3.73
ROUTE_522,Ugunja_AI_Route,7,65.6,3.32
ROUTE_523,Standard_Route,11,77.88,4.48
ROUTE_523,Ugunja_AI_Route,11,55.66,3.95
ROUTE_524,Ugunja_AI_Route,7,72.32,3.43
ROUTE_524,Standard_Route,7,93.74,4.5
ROUTE_525,Standard_Route,5,85.23,4.62
ROUTE_525,Ugunja_AI_Route,5,60.74,3.57
ROUTE_526,Standard_Route,7,84.11,4.81
ROUTE_526,Ugunja_AI_Route,7,69.73,4.13
ROUTE_527,Standard_Route,9,74.72,3.66
ROUTE_527,Ugunja_AI_Route,9,60.02,3.01
ROUTE_528,Standard_Route,14,78.0,4.51
ROUTE_528,Ugunja_AI_Route,14,61.43,3.68
ROUTE_529,Ugunja_AI_Route,10,58.27,3.5
ROUTE_529,Standard_Route,10,81.2,4.54
ROUTE_53,Ugunja_AI_Route,13,26.93,2.44
ROUTE_53,Standard_Route,13,33.07,2.73
ROUTE_530,Standard_Route,12,61.54,2.99
ROUTE_530,Ugunja_AI_Route,12,51.5,2.36
ROUTE_531,Ugunja_AI_Route,14,27.46,1.99
ROUTE_531,Standard_Route,14,32.48,2.25
ROUTE_532,Standard_Route,10,58.7,3.85
ROUTE_532,Ugunja_AI_Route,10,46.99,3.39
ROUTE_533,Ugunja_AI_Route,5,35.86,2.06
ROUTE_533,Standard_Route,5,42.67,2.54
ROUTE_534,Ugunja_AI_Route,6,51.95,3.24
ROUTE_534,Standard_Route,6,70.79,3.79
ROUTE_535,Ugunja_AI_Route,11,47.84,2.51
ROUTE_535,Standard_Route,11,63.55,3.34
ROUTE_536,Standard_Route,8,40.82,2.82
ROUTE_536,Ugunja_AI_Route,8,29.14,2.25
ROUTE_537,Ugunja_AI_Route,10,50.73,2.96
ROUTE_537,Standard_Route,10,61.28,3.47
ROUTE_538,Standard_Route,7,32.65,2.37
ROUTE_538,Ugunja_AI_Route,7,26.43,1.9
ROUTE_539,Ugunja_AI_Route,14,57.97,3.52
ROUTE_539,Standard_Route,14,82.1,4.36
ROUTE_54,Ugunja_AI_Route,8,33.89,2.88
ROUTE_54,Standard_Route,8,47.26,3.32
ROUTE_540,Ugunja_AI_Route,13,44.35,2.73
ROUTE_540,Standard_Route,13,53.8,3.03
ROUTE_541,Standard_Route,5,72.7,4.01
ROUTE_541,Ugunja_AI_Route,5,54.97,3.43
ROUTE_542,Standard_Route,13,51.01,2.87
ROUTE_542,Ugunja_AI_Route,13,41.17,2.5
ROUTE_543,Standard_Route,6,76.56,3.79
ROUTE_543,Ugunja_AI_Route,6,64.58,2.99
ROUTE_544,Standard_Route,12,93.23,4.97
ROUTE_544,Ugunja_AI_Route,12,75.69,3.95
ROUTE_545,Standard_Route,9,77.55,4.32
ROUTE_545,Ugunja_AI_Route,9,55.73,3.68
ROUTE_546,Standard_Route,9,96.51,4.73
ROUTE_546,Ugunja_AI_Route,9,78.02,4.01
ROUTE_547,Standard_Route,10,36.34,2.88
ROUTE_547,Ugunja_AI_Route,10,30.34,2.44
ROUTE_548,Standard_Route,10,85.98,4.07
ROUTE_548,Ugunja_AI_Route,10,72.48,3.6
ROUTE_549,Standard_Route,8,41.05,2.33
ROUTE_549,Ugunja_AI_Route,8,33.28,1.97
ROUTE_55,Ugunja_AI_Route,12,37.81,2.26
ROUTE_55,Standard_Route,12,46.88,2.65
ROUTE_550,Standard_Route,14,43.28,2.51
ROUTE_550,Ugunja_AI_Route,14,35.89,1.94
ROUTE_551,Standard_Route,13,55.7,3.2
ROUTE_551,Ugunja_AI_Route,13,46.73,2.48
ROUTE_552,Standard_Route,13,83.79,4.18
ROUTE_552,Ugunja_AI_Route,13,61.8,3.33
ROUTE_553,Standard_Route,5,96.57,4.59
ROUTE_553,Ugunja_AI_Route,5,71.53,3.79
ROUTE_554,Ugunja_AI_Route,6,27.84,2.04
ROUTE_554,Standard_Route,6,36.09,2.31
ROUTE_555,Standard_Route,7,64.08,3.99
ROUTE_555,Ugunja_AI_Route,7,49.55,3.07
ROUTE_556,Standard_Route,6,39.9,2.52
ROUTE_556,Ugunja_AI_Route,6,28.02,2.12
ROUTE_557,Ugunja_AI_Route,10,29.62,1.72
ROUTE_557,Standard_Route,10,37.24,2.02
ROUTE_558,Standard_Route,12,67.88,3.75
ROUTE_558,Ugunja_AI_Route,12,54.13,3.34
ROUTE_559,Ugunja_AI_Route,5,45.63,2.52
ROUTE_559,Standard_Route,5,54.76,3.24
ROUTE_56,Ugunja_AI_Route,14,78.87,3.67
ROUTE_56,Standard_Route,14,96.52,4.58
ROUTE_560,Standard_Route,8,32.84,2.34
ROUTE_560,Ugunja_AI_Route,8,26.43,2.08
ROUTE_561,Standard_Route,7,48.27,2.98
ROUTE_561,Ugunja_AI_Route,7,36.47,2.64
ROUTE_562,Standard_Route,5,92.85,5.09
ROUTE_562,Ugunja_AI_Route,5,68.6,4.2
ROUTE_563,Standard_Route,13,60.98,2.97
ROUTE_563,Ugunja_AI_Route,13,48.53,2.36
ROUTE_564,Ugunja_AI_Route,10,78.01,4.1
ROUTE_564,Standard_Route,10,92.03,4.83
ROUTE_565,Ugunja_AI_Route,9,34.36,2.75
ROUTE_565,Standard_Route,9,46.11,3.16
ROUTE_566,Ugunja_AI_Route,8,45.98,3.12
ROUTE_566,Standard_Route,8,65.56,3.81
ROUTE_567,Standard_Route,8,47.25,2.64
ROUTE_567,Ugunja_AI_Route,8,37.49,2.29
ROUTE_568,Standard_Route,7,54.56,3.31
ROUTE_568,Ugunja_AI_Route,7,45.49,2.66
ROUTE_569,Standard_Route,14,59.04,3.8
ROUTE_569,Ugunja_AI_Route,14,42.54,3.06
ROUTE_57,Ugunja_AI_Route,6,50.54,2.75
ROUTE_57,Standard_Route,6,67.5,3.36
ROUTE_570,Standard_Route,5,34.35,2.24
ROUTE_570,Ugunja_AI_Route,5,24.22,1.68
ROUTE_571,Standard_Route,13,81.1,4.55
ROUTE_571,Ugunja_AI_Route,13,64.25,3.71
ROUTE_572,Ugunja_AI_Route,12,44.26,2.55
ROUTE_572,Standard_Route,12,61.47,2.98
ROUTE_573,Standard_Route,5,32.74,2.67
ROUTE_573,Ugunja_AI_Route,5,25.71,2.26
ROUTE_574,Ugunja_AI_Route,7,72.27,3.72
ROUTE_574,Standard_Route,7,92.2,4.79
ROUTE_575,Ugunja_AI_Route,5,71.51,3.95
ROUTE_575,Standard_Route,5,95.52,5.09
ROUTE_576,Ugunja_AI_Route,5,41.6,2.72
ROUTE_576,Standard_Route,5,56.12,3.08
ROUTE_577,Standard_Route,14,82.86,4.74
ROUTE_577,Ugunja_AI_Route,14,63.72,4.0
ROUTE_578,Standard_Route,6,83.33,4.8
ROUTE_578,Ugunja_AI_Route,6,61.24,3.87
ROUTE_579,Standard_Route,10,33.6,2.58
ROUTE_579,Ugunja_AI_Route,10,23.89,1.96
ROUTE_58,Ugunja_AI_Route,5,38.29,2.32
ROUTE_58,Standard_Route,5,54.07,2.68
ROUTE_580,Ugunja_AI_Route,14,67.86,4.01
ROUTE_580,Standard_Route,14,94.98,4.96
ROUTE_581,Standard_Route,12,30.98,2.58
ROUTE_581,Ugunja_AI_Route,12,25.7,2.21
ROUTE_582,Standard_Route,6,72.26,3.65
ROUTE_582,Ugunja_AI_Route,6,61.02,3.13
ROUTE_583,Ugunja_AI_Route,14,49.44,3.41
ROUTE_583,Standard_Route,14,66.51,4.08
ROUTE_584,Ugunja_AI_Route,13,56.97,2.98
ROUTE_584,Standard_Route,13,72.13,3.49
ROUTE_585,Ugunja_AI_Route,13,49.83,2.98
ROUTE_585,Standard_Route,13,63.03,3.74
ROUTE_586,Ugunja_AI_Route,12,30.88,2.1
ROUTE_586,Standard_Route,12,42.79,2.36
ROUTE_587,Standard_Route,8,81.67,4.35
ROUTE_587,Ugunja_AI_Route,8,66.62,3.69
ROUTE_588,Ugunja_AI_Route,10,45.04,2.72
ROUTE_588,Standard_Route,10,61.0,3.21
ROUTE_589,Standard_Route,5,75.5,3.55
ROUTE_589,Ugunja_AI_Route,5,55.86,2.9
ROUTE_59,Ugunja_AI_Route,14,77.05,3.75
ROUTE_59,Standard_Route,14,92.19,4.77
ROUTE_590,Ugunja_AI_Route,7,66.6,3.84
ROUTE_590,Standard_Route,7,93.78,4.49
ROUTE_591,Standard_Route,8,30.86,2.53
ROUTE_591,Ugunja_AI_Route,8,24.85,1.94
ROUTE_592,Standard_Route,5,82.71,3.96
ROUTE_592,Ugunja_AI_Route,5,63.94,3.55
ROUTE_593,Ugunja_AI_Route,9,56.99,3.64
ROUTE_593,Standard_Route,9,79.76,4.13
ROUTE_594,Ugunja_AI_Route,6,63.52,3.81
ROUTE_594,Standard_Route,6,90.5,4.84
ROUTE_595,Ugunja_AI_Route,7,33.93,1.86
ROUTE_595,Standard_Route,7,42.59,2.35
ROUTE_596,Standard_Route,12,43.6,2.62
ROUTE_596,Ugunja_AI_Route,12,31.03,2.18
ROUTE_597,Standard_Route,12,65.31,3.15
ROUTE_597,Ugunja_AI_Route,12,51.69,2.49
ROUTE_598,Standard_Route,10,69.92,3.4
ROUTE_598,Ugunja_AI_Route,10,51.63,3.06
ROUTE_599,Standard_Route,11,97.89,4.53
ROUTE_599,Ugunja_AI_Route,11,79.2,3.59
ROUTE_6,Ugunja_AI_Route,9,64.88,3.14
ROUTE_6,Standard_Route,9,80.14,3.95
ROUTE_60,Standard_Route,11,49.89,3.17
ROUTE_60,Ugunja_AI_Route,11,40.72,2.75
ROUTE_600,Ugunja_AI_Route,10,71.77,3.61
ROUTE_600,Standard_Route,10,96.33,4.43
ROUTE_601,Ugunja_AI_Route,11,30.95,2.02
ROUTE_601,Standard_Route,11,36.73,2.46
ROUTE_602,Standard_Route,6,83.06,3.95
ROUTE_602,Ugunja_AI_Route,6,62.24,2.97
ROUTE_603,Standard_Route,5,46.67,3.02
ROUTE_603,Ugunja_AI_Route,5,38.47,2.55
ROUTE_604,Ugunja_AI_Route,13,26.18,1.73
ROUTE_604,Standard_Route,13,33.85,2.08
ROUTE_605,Standard_Route,8,41.15,2.15
ROUTE_605,Ugunja_AI_Route,8,30.56,1.68
ROUTE_606,Ugunja_AI_Route,14,35.25,1.98
ROUTE_606,Standard_Route,14,49.98,2.63
ROUTE_607,Standard_Route,13,99.38,4.5
ROUTE_607,Ugunja_AI_Route,13,78.26,3.63
ROUTE_608,Standard_Route,11,97.12,4.51
ROUTE_608,Ugunja_AI_Route,11,82.32,3.95
ROUTE_609,Standard_Route,6,38.95,2.62
ROUTE_609,Ugunja_AI_Route,6,27.47,2.04
ROUTE_61,Ugunja_AI_Route,11,52.96,3.09
ROUTE_61,Standard_Route,11,63.26,3.96
ROUTE_610,Standard_Route,8,60.99,3.03
ROUTE_610,Ugunja_AI_Route,8,46.73,2.51
ROUTE_611,Standard_Route,5,86.26,4.88
ROUTE_611,Ugunja_AI_Route,5,70.34,4.03
ROUTE_612,Standard_Route,7,42.6,2.68
ROUTE_612,Ugunja_AI_Route,7,31.26,2.07
ROUTE_613,Standard_Route,5,82.01,4.33
ROUTE_613,Ugunja_AI_Route,5,59.64,3.33
ROUTE_614,Standard_Route,9,64.93,3.47
ROUTE_614,Ugunja_AI_Route,9,49.14,3.08
ROUTE_615,Standard_Route,11,61.42,3.02
ROUTE_615,Ugunja_AI_Route,11,48.23,2.54
ROUTE_616,Standard_Route,14,81.68,4.63
ROUTE_616,Ugunja_AI_Route,14,63.99,3.57
ROUTE_617,Ugunja_AI_Route,14,43.39,2.57
ROUTE_617,Standard_Route,14,61.94,3.16
ROUTE_618,Standard_Route,10,38.84,2.95
ROUTE_618,Ugunja_AI_Route,10,32.06,2.27
ROUTE_619,Standard_Route,7,73.61,4.0
ROUTE_619,Ugunja_AI_Route,7,59.39,3.28
ROUTE_62,Standard_Route,13,51.28,2.7
ROUTE_62,Ugunja_AI_Route,13,39.3,2.2
ROUTE_620,Ugunja_AI_Route,6,22.42,1.96
ROUTE_620,Standard_Route,6,30.44,2.33
ROUTE_621,Ugunja_AI_Route,11,34.42,2.29
ROUTE_621,Standard_Route,11,41.93,2.57
ROUTE_622,Ugunja_AI_Route,13,53.56,3.87
ROUTE_622,Standard_Route,13,74.39,4.46
ROUTE_623,Standard_Route,5,54.57,3.62
ROUTE_623,Ugunja_AI_Route,5,38.9,3.01
ROUTE_624,Ugunja_AI_Route,6,28.52,1.91
ROUTE_624,Standard_Route,6,34.44,2.4
ROUTE_625,Standard_Route,6,78.77,4.08
ROUTE_625,Ugunja_AI_Route,6,59.86,3.24
ROUTE_626,Ugunja_AI_Route,7,51.35,3.2
ROUTE_626,Standard_Route,7,65.49,3.66
ROUTE_627,Ugunja_AI_Route,8,69.84,3.5
ROUTE_627,Standard_Route,8,91.08,4.41
ROUTE_628,Ugunja_AI_Route,11,69.01,4.13
ROUTE_628,Standard_Route,11,95.02,4.69
ROUTE_629,Standard_Route,11,71.89,4.18
ROUTE_629,Ugunja_AI_Route,11,57.96,3.32
ROUTE_63,Standard_Route,12,92.87,5.13
ROUTE_63,Ugunja_AI_Route,12,68.69,3.9
ROUTE_630,Ugunja_AI_Route,11,35.82,2.81
ROUTE_630,Standard_Route,11,49.85,3.45
ROUTE_631,Ugunja_AI_Route,9,75.14,3.75
ROUTE_631,Standard_Route,9,90.95,4.99
ROUTE_632,Ugunja_AI_Route,12,74.56,3.51
ROUTE_632,Standard_Route,12,93.66,4.59
ROUTE_633,Standard_Route,6,78.79,3.8
ROUTE_633,Ugunja_AI_Route,6,66.43,2.94
ROUTE_634,Ugunja_AI_Route,7,43.42,2.74
ROUTE_634,Standard_Route,7,61.37,3.22
ROUTE_635,Standard_Route,5,54.6,3.56
ROUTE_635,Ugunja_AI_Route,5,40.91,3.11
ROUTE_636,Standard_Route,14,89.44,4.22
ROUTE_636,Ugunja_AI_Route,14,74.66,3.57
ROUTE_637,Standard_Route,6,70.52,4.17
ROUTE_637,Ugunja_AI_Route,6,55.71,3.59
ROUTE_638,Standard_Route,8,78.52,4.33
ROUTE_638,Ugunja_AI_Route,8,65.93,3.8
ROUTE_639,Standard_Route,8,34.12,2.27
ROUTE_639,Ugunja_AI_Route,8,27.75,1.99
ROUTE_64,Ugunja_AI_Route,11,79.63,4.21
ROUTE_64,Standard_Route,11,97.08,5.16
ROUTE_640,Standard_Route,10,88.39,4.81
ROUTE_640,Ugunja_AI_Route,10,74.18,3.92
ROUTE_641,Ugunja_AI_Route,11,24.57,2.4
ROUTE_641,Standard_Route,11,34.01,2.67
ROUTE_642,Ugunja_AI_Route,5,44.13,3.12
ROUTE_642,Standard_Route,5,55.42,3.58
ROUTE_643,Ugunja_AI_Route,10,29.32,2.04
ROUTE_643,Standard_Route,10,36.7,2.39
ROUTE_644,Standard_Route,10,83.44,4.61
ROUTE_644,Ugunja_AI_Route,10,59.01,3.77
ROUTE_645,Ugunja_AI_Route,11,35.2,2.03
ROUTE_645,Standard_Route,11,44.47,2.31
ROUTE_646,Standard_Route,14,66.42,3.57
ROUTE_646,Ugunja_AI_Route,14,56.34,2.69
ROUTE_647,Ugunja_AI_Route,6,49.26,2.8
ROUTE_647,Standard_Route,6,63.44,3.34
ROUTE_648,Ugunja_AI_Route,7,75.6,3.46
ROUTE_648,Standard_Route,7,90.76,4.15
ROUTE_649,Standard_Route,10,84.55,4.08
ROUTE_649,Ugunja_AI_Route,10,63.88,3.59
ROUTE_65,Ugunja_AI_Route,11,34.85,2.2
ROUTE_65,Standard_Route,11,44.99,2.87
ROUTE_650,Standard_Route,6,63.85,4.03
ROUTE_650,Ugunja_AI_Route,6,49.19,3.33
ROUTE_651,Ugunja_AI_Route,10,31.24,2.47
ROUTE_651,Standard_Route,10,39.75,2.88
ROUTE_652,Ugunja_AI_Route,9,46.28,2.96
ROUTE_652,Standard_Route,9,62.94,3.32
ROUTE_653,Standard_Route,6,82.3,3.85
ROUTE_653,Ugunja_AI_Route,6,65.85,3.38
ROUTE_654,Ugunja_AI_Route,10,74.08,3.79
ROUTE_654,Standard_Route,10,89.66,4.81
ROUTE_655,Standard_Route,6,50.47,2.77
ROUTE_655,Ugunja_AI_Route,6,41.43,2.27
ROUTE_656,Ugunja_AI_Route,14,56.42,3.01
ROUTE_656,Standard_Route,14,79.46,3.76
ROUTE_657,Ugunja_AI_Route,8,56.05,3.33
ROUTE_657,Standard_Route,8,78.15,3.87
ROUTE_658,Standard_Route,12,96.94,4.59
ROUTE_658,Ugunja_AI_Route,12,81.44,4.1
ROUTE_659,Standard_Route,14,83.79,4.83
ROUTE_659,Ugunja_AI_Route,14,64.77,3.8
ROUTE_66,Ugunja_AI_Route,11,35.51,2.32
ROUTE_66,Standard_Route,11,46.19,2.68
ROUTE_660,Standard_Route,7,59.39,2.9
ROUTE_660,Ugunja_AI_Route,7,48.57,2.33
ROUTE_661,Standard_Route,10,65.64,3.34
ROUTE_661,Ugunja_AI_Route,10,48.16,2.71
ROUTE_662,Ugunja_AI_Route,12,40.02,2.39
ROUTE_662,Standard_Route,12,47.27,2.7
ROUTE_663,Standard_Route,7,93.7,5.08
ROUTE_663,Ugunja_AI_Route,7,71.27,3.93
ROUTE_664,Standard_Route,6,59.56,3.05
ROUTE_664,Ugunja_AI_Route,6,48.78,2.69
ROUTE_665,Standard_Route,8,55.57,3.34
ROUTE_665,Ugunja_AI_Route,8,45.45,2.54
ROUTE_666,Ugunja_AI_Route,7,29.25,2.12
ROUTE_666,Standard_Route,7,41.76,2.64
ROUTE_667,Standard_Route,7,72.77,4.3
ROUTE_667,Ugunja_AI_Route,7,52.64,3.25
ROUTE_668,Ugunja_AI_Route,10,59.45,3.86
ROUTE_668,Standard_Route,10,74.98,4.36
ROUTE_669,Ugunja_AI_Route,14,63.15,3.99
ROUTE_669,Standard_Route,14,89.54,5.0
ROUTE_67,Ugunja_AI_Route,13,65.17,3.76
ROUTE_67,Standard_Route,13,85.43,4.88
ROUTE_670,Standard_Route,13,58.69,3.0
ROUTE_670,Ugunja_AI_Route,13,46.43,2.45
ROUTE_671,Ugunja_AI_Route,13,46.54,3.35
ROUTE_671,Standard_Route,13,65.74,3.76
ROUTE_672,Standard_Route,7,75.23,3.65
ROUTE_672,Ugunja_AI_Route,7,63.17,2.77
ROUTE_673,Standard_Route,5,68.56,4.1
ROUTE_673,Ugunja_AI_Route,5,57.24,3.5
ROUTE_674,Standard_Route,7,34.85,2.55
ROUTE_674,Ugunja_AI_Route,7,28.03,1.92
ROUTE_675,Standard_Route,9,95.6,5.11
ROUTE_675,Ugunja_AI_Route,9,75.14,4.15
ROUTE_676,Ugunja_AI_Route,10,74.72,3.46
ROUTE_676,Standard_Route,10,89.7,4.56
ROUTE_677,Ugunja_AI_Route,8,55.4,3.19
ROUTE_677,Standard_Route,8,67.19,4.1
ROUTE_678,Standard_Route,11,48.18,2.93
ROUTE_678,Ugunja_AI_Route,11,39.79,2.64
ROUTE_679,Ugunja_AI_Route,8,45.37,3.04
ROUTE_679,Standard_Route,8,54.16,3.52
ROUTE_68,Standard_Route,8,51.81,3.2
ROUTE_68,Ugunja_AI_Route,8,43.28,2.71
ROUTE_680,Ugunja_AI_Route,12,55.01,3.72
ROUTE_680,Standard_Route,12,73.52,4.25
ROUTE_681,Standard_Route,9,75.77,3.7
ROUTE_681,Ugunja_AI_Route,9,57.07,2.93
ROUTE_682,Standard_Route,14,60.41,3.74
ROUTE_682,Ugunja_AI_Route,14,48.76,2.84
ROUTE_683,Standard_Route,8,61.5,3.65
ROUTE_683,Ugunja_AI_Route,8,51.87,3.19
ROUTE_684,Standard_Route,10,99.41,4.93
ROUTE_684,Ugunja_AI_Route,10,75.31,3.91
ROUTE_685,Standard_Route,13,41.93,2.22
ROUTE_685,Ugunja_AI_Route,13,30.14,1.68
ROUTE_686,Ugunja_AI_Route,12,75.2,4.15
ROUTE_686,Standard_Route,12,89.82,4.88
ROUTE_687,Standard_Route,9,71.1,3.97
ROUTE_687,Ugunja_AI_Route,9,59.03,3.28
ROUTE_688,Standard_Route,14,99.38,4.77
ROUTE_688,Ugunja_AI_Route,14,81.49,3.99
ROUTE_689,Ugunja_AI_Route,14,69.48,4.01
ROUTE_689,Standard_Route,14,89.77,4.71
ROUTE_69,Standard_Route,6,86.19,4.22
ROUTE_69,Ugunja_AI_Route,6,61.46,3.28
ROUTE_690,Ugunja_AI_Route,7,49.75,3.02
ROUTE_690,Standard_Route,7,68.06,3.5
ROUTE_691,Standard_Route,8,58.12,3.06
ROUTE_691,Ugunja_AI_Route,8,45.81,2.59
ROUTE_692,Standard_Route,6,98.74,4.47
ROUTE_692,Ugunja_AI_Route,6,73.49,3.6
ROUTE_693,Standard_Route,14,87.41,4.81
ROUTE_693,Ugunja_AI_Route,14,72.69,4.19
ROUTE_694,Standard_Route,7,79.38,4.62
ROUTE_694,Ugunja_AI_Route,7,66.76,3.87
ROUTE_695,Ugunja_AI_Route,6,52.35,3.24
ROUTE_695,Standard_Route,6,63.28,3.83
ROUTE_696,Standard_Route,11,45.56,2.34
ROUTE_696,Ugunja_AI_Route,11,38.47,2.1
ROUTE_697,Ugunja_AI_Route,5,72.45,3.49
ROUTE_697,Standard_Route,5,90.79,4.28
ROUTE_698,Ugunja_AI_Route,10,66.58,3.6
ROUTE_698,Standard_Route,10,85.42,4.79
ROUTE_699,Ugunja_AI_Route,14,42.82,2.98
ROUTE_699,Standard_Route,14,59.76,3.33
ROUTE_7,Ugunja_AI_Route,13,65.49,3.47
ROUTE_7,Standard_Route,13,82.76,4.48
ROUTE_70,Ugunja_AI_Route,7,59.75,3.8
ROUTE_70,Standard_Route,7,73.79,4.32
ROUTE_700,Ugunja_AI_Route,12,69.25,3.76
ROUTE_700,Standard_Route,12,87.62,4.48
ROUTE_701,Standard_Route,10,88.4,5.0
ROUTE_701,Ugunja_AI_Route,10,71.69,4.17
ROUTE_702,Standard_Route,13,46.43,3.24
ROUTE_702,Ugunja_AI_Route,13,38.96,2.69
ROUTE_703,Ugunja_AI_Route,8,50.16,2.73
ROUTE_703,Standard_Route,8,68.77,3.62
ROUTE_704,Standard_Route,14,31.69,1.9
ROUTE_704,Ugunja_AI_Route,14,22.71,1.61
ROUTE_705,Standard_Route,13,69.56,3.77
ROUTE_705,Ugunja_AI_Route,13,53.5,3.06
ROUTE_706,Ugunja_AI_Route,12,51.76,2.34
ROUTE_706,Standard_Route,12,61.37,3.0
ROUTE_707,Ugunja_AI_Route,13,43.86,2.23
ROUTE_707,Standard_Route,13,56.96,2.87
ROUTE_708,Ugunja_AI_Route,12,57.72,3.2
ROUTE_708,Standard_Route,12,72.14,3.93
ROUTE_709,Ugunja_AI_Route,13,52.96,3.3
ROUTE_709,Standard_Route,13,69.14,3.96
ROUTE_71,Ugunja_AI_Route,8,58.95,3.44
ROUTE_71,Standard_Route,8,78.09,4.33
ROUTE_710,Ugunja_AI_Route,12,35.1,1.98
ROUTE_710,Standard_Route,12,45.57,2.6
ROUTE_711,Ugunja_AI_Route,12,77.6,4.34
ROUTE_711,Standard_Route,12,97.5,4.83
ROUTE_712,Ugunja_AI_Route,11,28.28,1.87
ROUTE_712,Standard_Route,11,38.5,2.32
ROUTE_713,Standard_Route,9,61.26,3.1
ROUTE_713,Ugunja_AI_Route,9,46.41,2.35
ROUTE_714,Standard_Route,8,52.69,2.92
ROUTE_714,Ugunja_AI_Route,8,39.64,2.58
ROUTE_715,Standard_Route,5,88.97,4.69
ROUTE_715,Ugunja_AI_Route,5,70.81,3.55
ROUTE_716,Standard_Route,8,37.58,2.89
ROUTE_716,Ugunja_AI_Route,8,31.36,2.19
ROUTE_717,Standard_Route,12,81.4,4.58
ROUTE_717,Ugunja_AI_Route,12,65.06,3.46
ROUTE_718,Ugunja_AI_Route,11,51.81,3.35
ROUTE_718,Standard_Route,11,69.06,4.2
ROUTE_719,Standard_Route,10,75.21,4.37
ROUTE_719,Ugunja_AI_Route,10,53.92,3.91
ROUTE_72,Ugunja_AI_Route,8,45.55,2.59
ROUTE_72,Standard_Route,8,64.59,3.14
ROUTE_720,Standard_Route,5,31.39,1.8
ROUTE_720,Ugunja_AI_Route,5,24.11,1.4
ROUTE_721,Standard_Route,8,38.18,2.04
ROUTE_721,Ugunja_AI_Route,8,30.27,1.53
ROUTE_722,Ugunja_AI_Route,8,63.76,3.34
ROUTE_722,Standard_Route,8,80.97,4.2
ROUTE_723,Ugunja_AI_Route,5,51.95,2.81
ROUTE_723,Standard_Route,5,61.74,3.47
ROUTE_724,Ugunja_AI_Route,9,35.79,2.66
ROUTE_724,Standard_Route,9,49.47,3.06
ROUTE_725,Standard_Route,6,67.75,3.95
ROUTE_725,Ugunja_AI_Route,6,49.12,3.13
ROUTE_726,Ugunja_AI_Route,13,27.29,2.19
ROUTE_726,Standard_Route,13,36.18,2.52
ROUTE_727,Ugunja_AI_Route,8,78.01,3.79
ROUTE_727,Standard_Route,8,92.51,5.0
ROUTE_728,Ugunja_AI_Route,7,55.4,3.02
ROUTE_728,Standard_Route,7,72.45,3.47
ROUTE_729,Standard_Route,12,61.45,3.0
ROUTE_729,Ugunja_AI_Route,12,46.99,2.61
ROUTE_73,Ugunja_AI_Route,10,65.23,3.76
ROUTE_73,Standard_Route,10,85.81,4.7
ROUTE_730,Ugunja_AI_Route,8,43.65,2.24
ROUTE_730,Standard_Route,8,56.83,2.98
ROUTE_731,Standard_Route,11,95.03,4.65
ROUTE_731,Ugunja_AI_Route,11,74.68,3.97
ROUTE_732,Ugunja_AI_Route,6,53.12,3.62
ROUTE_732,Standard_Route,6,71.83,4.23
ROUTE_733,Ugunja_AI_Route,11,59.25,3.26
ROUTE_733,Standard_Route,11,82.57,4.16
ROUTE_734,Standard_Route,6,89.88,4.9
ROUTE_734,Ugunja_AI_Route,6,69.99,3.86
ROUTE_735,Standard_Route,5,34.67,2.36
ROUTE_735,Ugunja_AI_Route,5,25.44,2.1
ROUTE_736,Standard_Route,7,43.03,2.64
ROUTE_736,Ugunja_AI_Route,7,32.59,2.02
ROUTE_737,Ugunja_AI_Route,7,52.22,3.33
ROUTE_737,Standard_Route,7,65.4,3.85
ROUTE_738,Standard_Route,6,51.63,2.65
ROUTE_738,Ugunja_AI_Route,6,43.3,2.03
ROUTE_739,Ugunja_AI_Route,7,49.07,3.19
ROUTE_739,Standard_Route,7,65.91,3.78
ROUTE_74,Standard_Route,12,71.94,3.6
ROUTE_74,Ugunja_AI_Route,12,58.36,3.12
ROUTE_740,Standard_Route,13,74.35,3.89
ROUTE_740,Ugunja_AI_Route,13,62.83,3.48
ROUTE_741,Standard_Route,9,87.95,4.16
ROUTE_741,Ugunja_AI_Route,9,64.49,3.49
ROUTE_742,Standard_Route,6,87.67,4.99
ROUTE_742,Ugunja_AI_Route,6,64.54,3.79
ROUTE_743,Ugunja_AI_Route,14,82.1,3.65
ROUTE_743,Standard_Route,14,97.9,4.53
ROUTE_744,Ugunja_AI_Route,6,46.61,2.77
ROUTE_744,Standard_Route,6,60.52,3.54
ROUTE_745,Ugunja_AI_Route,13,42.74,2.95
ROUTE_745,Standard_Route,13,55.69,3.47
ROUTE_746,Ugunja_AI_Route,13,76.36,4.41
ROUTE_746,Standard_Route,13,98.96,5.0
ROUTE_747,Standard_Route,11,37.64,2.14
ROUTE_747,Ugunja_AI_Route,11,27.79,1.67
ROUTE_748,Standard_Route,5,38.0,2.22
ROUTE_748,Ugunja_AI_Route,5,30.46,1.91
ROUTE_749,Standard_Route,10,38.3,2.26
ROUTE_749,Ugunja_AI_Route,10,29.1,1.81
ROUTE_75,Ugunja_AI_Route,10,81.31,3.99
ROUTE_75,Standard_Route,10,98.4,4.91
ROUTE_750,Ugunja_AI_Route,11,48.12,3.04
ROUTE_750,Standard_Route,11,61.0,3.49
ROUTE_751,Ugunja_AI_Route,10,30.86,1.76
ROUTE_751,Standard_Route,10,36.5,1.99
ROUTE_752,Ugunja_AI_Route,7,80.97,4.11
ROUTE_752,Standard_Route,7,95.56,4.63
ROUTE_753,Ugunja_AI_Route,14,38.51,2.69
ROUTE_753,Standard_Route,14,50.82,3.08
ROUTE_754,Standard_Route,11,77.3,4.33
ROUTE_754,Ugunja_AI_Route,11,56.48,3.85
ROUTE_755,Ugunja_AI_Route,11,62.53,4.08
ROUTE_755,Standard_Route,11,84.23,4.85
ROUTE_756,Standard_Route,14,77.18,4.24
ROUTE_756,Ugunja_AI_Route,14,59.11,3.78
ROUTE_757,Standard_Route,14,41.13,2.15
ROUTE_757,Ugunja_AI_Route,14,28.8,1.72
ROUTE_758,Ugunja_AI_Route,5,33.33,1.99
ROUTE_758,Standard_Route,5,43.94,2.4
ROUTE_759,Standard_Route,10,60.95,3.05
ROUTE_759,Ugunja_AI_Route,10,46.18,2.4
ROUTE_76,Ugunja_AI_Route,14,41.45,2.95
ROUTE_76,Standard_Route,14,56.07,3.31
ROUTE_760,Ugunja_AI_Route,14,60.01,2.9
ROUTE_760,Standard_Route,14,73.88,3.58
ROUTE_761,Standard_Route,12,84.21,4.56
ROUTE_761,Ugunja_AI_Route,12,69.8,3.48
ROUTE_762,Standard_Route,13,73.59,3.63
ROUTE_762,Ugunja_AI_Route,13,51.65,2.98
ROUTE_763,Standard_Route,11,49.75,2.77
ROUTE_763,Ugunja_AI_Route,11,37.43,2.27
ROUTE_764,Ugunja_AI_Route,13,47.75,3.2
ROUTE_764,Standard_Route,13,58.76,3.68
ROUTE_765,Standard_Route,6,95.34,4.55
ROUTE_765,Ugunja_AI_Route,6,70.43,4.02
ROUTE_766,Standard_Route,12,74.32,3.92
ROUTE_766,Ugunja_AI_Route,12,57.25,3.13
ROUTE_767,Standard_Route,12,41.78,2.67
ROUTE_767,Ugunja_AI_Route,12,33.41,2.2
ROUTE_768,Standard_Route,11,35.46,2.32
ROUTE_768,Ugunja_AI_Route,11,29.08,1.89
ROUTE_769,Standard_Route,11,56.84,2.94
ROUTE_769,Ugunja_AI_Route,11,40.86,2.55
ROUTE_77,Ugunja_AI_Route,12,24.47,2.03
ROUTE_77,Standard_Route,12,31.22,2.28
ROUTE_770,Ugunja_AI_Route,6,22.54,1.66
ROUTE_770,Standard_Route,6,32.08,2.03
ROUTE_771,Ugunja_AI_Route,11,35.16,2.82
ROUTE_771,Standard_Route,11,45.24,3.17
ROUTE_772,Ugunja_AI_Route,6,56.09,3.44
ROUTE_772,Standard_Route,6,79.28,4.39
ROUTE_773,Standard_Route,9,98.83,5.14
ROUTE_773,Ugunja_AI_Route,9,72.03,3.88
ROUTE_774,Ugunja_AI_Route,13,67.59,3.75
ROUTE_774,Standard_Route,13,90.55,4.41
ROUTE_775,Ugunja_AI_Route,8,58.54,3.44
ROUTE_775,Standard_Route,8,79.89,4.51
ROUTE_776,Ugunja_AI_Route,10,25.02,1.78
ROUTE_776,Standard_Route,10,35.03,2.2
ROUTE_777,Standard_Route,7,36.86,2.56
ROUTE_777,Ugunja_AI_Route,7,30.18,2.24
ROUTE_778,Standard_Route,7,53.24,2.69
ROUTE_778,Ugunja_AI_Route,7,38.77,2.16
ROUTE_779,Standard_Route,14,93.1,4.27
ROUTE_779,Ugunja_AI_Route,14,67.6,3.31
ROUTE_78,Standard_Route,5,51.22,3.42
ROUTE_78,Ugunja_AI_Route,5,42.78,2.59
ROUTE_780,Ugunja_AI_Route,8,43.25,2.6
ROUTE_780,Standard_Route,8,57.6,3.12
ROUTE_781,Standard_Route,12,30.42,2.03
ROUTE_781,Ugunja_AI_Route,12,23.09,1.54
ROUTE_782,Standard_Route,14,43.75,3.23
ROUTE_782,Ugunja_AI_Route,14,37.18,2.45
ROUTE_783,Standard_Route,12,36.64,2.66
ROUTE_783,Ugunja_AI_Route,12,27.5,2.39
ROUTE_784,Standard_Route,13,92.19,4.47
ROUTE_784,Ugunja_AI_Route,13,72.83,3.62
ROUTE_785,Ugunja_AI_Route,13,26.52,1.51
ROUTE_785,Standard_Route,13,32.49,1.81
ROUTE_786,Ugunja_AI_Route,9,27.61,1.88
ROUTE_786,Standard_Route,9,36.39,2.13
ROUTE_787,Ugunja_AI_Route,13,55.35,3.0
ROUTE_787,Standard_Route,13,68.98,3.65
ROUTE_788,Ugunja_AI_Route,13,68.74,4.27
ROUTE_788,Standard_Route,13,86.67,4.89
ROUTE_789,Standard_Route,10,94.9,4.85
ROUTE_789,Ugunja_AI_Route,10,67.03,3.7
ROUTE_79,Standard_Route,10,54.35,3.03
ROUTE_79,Ugunja_AI_Route,10,44.79,2.72
ROUTE_790,Standard_Route,13,93.36,4.47
ROUTE_790,Ugunja_AI_Route,13,73.42,3.69
ROUTE_791,Standard_Route,8,73.46,3.44
ROUTE_791,Ugunja_AI_Route,8,56.43,3.08
ROUTE_792,Ugunja_AI_Route,8,48.47,2.79
ROUTE_792,Standard_Route,8,62.01,3.35
ROUTE_793,Standard_Route,9,42.74,2.73
ROUTE_793,Ugunja_AI_Route,9,35.91,2.18
ROUTE_794,Standard_Route,7,39.37,2.36
ROUTE_794,Ugunja_AI_Route,7,30.21,1.79
ROUTE_795,Ugunja_AI_Route,8,42.04,2.91
ROUTE_795,Standard_Route,8,52.7,3.52
ROUTE_796,Ugunja_AI_Route,10,51.33,3.28
ROUTE_796,Standard_Route,10,61.42,3.86
ROUTE_797,Ugunja_AI_Route,14,62.99,3.31
ROUTE_797,Standard_Route,14,75.59,4.27
ROUTE_798,Standard_Route,9,66.77,4.04
ROUTE_798,Ugunja_AI_Route,9,54.04,3.03
ROUTE_799,Standard_Route,11,33.06,1.95
ROUTE_799,Ugunja_AI_Route,11,27.94,1.69
ROUTE_8,Ugunja_AI_Route,14,36.03,2.12
ROUTE_8,Standard_Route,14,50.95,2.57
ROUTE_80,Standard_Route,14,53.5,2.93
ROUTE_80,Ugunja_AI_Route,14,41.35,2.32
ROUTE_800,Standard_Route,9,86.25,4.41
ROUTE_800,Ugunja_AI_Route,9,64.77,3.33
ROUTE_81,Standard_Route,9,40.16,2.75
ROUTE_81,Ugunja_AI_Route,9,29.75,2.38
ROUTE_82,Ugunja_AI_Route,11,64.98,3.7
ROUTE_82,Standard_Route,11,84.84,4.76
ROUTE_83,Ugunja_AI_Route,9,67.31,3.52
ROUTE_83,Standard_Route,9,83.92,4.14
ROUTE_84,Ugunja_AI_Route,5,82.94,4.59
ROUTE_84,Standard_Route,5,99.83,5.15
ROUTE_85,Ugunja_AI_Route,8,52.48,3.08
ROUTE_85,Standard_Route,8,64.03,3.86
ROUTE_86,Ugunja_AI_Route,14,78.66,4.22
ROUTE_86,Standard_Route,14,97.2,4.72
ROUTE_87,Standard_Route,11,32.7,2.55
ROUTE_87,Ugunja_AI_Route,11,25.76,1.99
ROUTE_88,Standard_Route,12,86.75,4.69
ROUTE_88,Ugunja_AI_Route,12,62.05,3.89
ROUTE_89,Standard_Route,5,47.57,3.05
ROUTE_89,Ugunja_AI_Route,5,35.99,2.52
ROUTE_9,Ugunja_AI_Route,6,44.51,2.57
ROUTE_9,Standard_Route,6,54.1,2.89
ROUTE_90,Ugunja_AI_Route,10,58.01,3.02
ROUTE_90,Standard_Route,10,72.02,3.7
ROUTE_91,Standard_Route,8,77.45,3.79
ROUTE_91,Ugunja_AI_Route,8,57.49,3.39
ROUTE_92,Ugunja_AI_Route,10,72.89,3.32
ROUTE_92,Standard_Route,10,87.0,4.2
ROUTE_93,Ugunja_AI_Route,6,50.89,2.64
ROUTE_93,Standard_Route,6,62.46,3.27
ROUTE_94,Standard_Route,11,40.39,2.45
ROUTE_94,Ugunja_AI_Route,11,29.49,2.1
ROUTE_95,Standard_Route,7,50.16,3.21
ROUTE_95,Ugunja_AI_Route,7,41.67,2.48
ROUTE_96,Standard_Route,8,83.03,4.15
ROUTE_96,Ugunja_AI_Route,8,65.48,3.2
ROUTE_97,Standard_Route,5,99.29,4.73
ROUTE_97,Ugunja_AI_Route,5,78.07,4.02
ROUTE_98,Ugunja_AI_Route,10,67.0,3.44
ROUTE_98,Standard_Route,10,81.72,4.35
ROUTE_99,Standard_Route,14,57.6,3.6
ROUTE_99,Ugunja_AI_Route,14,47.62,2.96
